state,school_year,sy_end,page_url,file_url_or_steps,file_format,statewide_file,district_level,black_rows,hispanic_rows,white_rows,subgroup_evidence,proficiency_label,proficient_levels,suppression,hs_test_math,hs_test_rla,hs_grade,test_replacement_2022_2025,replacement_source,usable,notes
AL,2021-22,2022,https://reportcard.alsde.edu/SupportingData_Proficiency.aspx,Federal Report Card > Student Participation & Proficiency: Reporting Year 2021-2022 > Export to CSV (grid covers every system and school; filter Grade and Race/Ethnicity after export). Also on https://www.alabamaachieves.org/reports-data/school-performance/ (Proficiency section): ELA https://www.alabamaachieves.org/wp-content/uploads/2023/07/2021-2022-ELA-Assessment.xlsb ; Math https://www.alabamaachieves.org/wp-content/uploads/2023/03/RD_2023331_2021-2022-Math-Assessment_V1.0.xlsb (contents not opened),CSV export (report card); XLSB/XLSX (alabamaachieves files),yes,yes (System rows),expected,expected,expected,"Export grid columns seen on page: Year, System, School, Subject, Grade, Gender, Race, Ethnicity, Sub Population, Enrolled, Tested, Proficient, Participation Rate, Proficient Rate, Level 1-4 counts and %. Category values in Race/Ethnicity not viewed",Level 1-4; Proficient Rate column,Level 3 or 4 (ALSDE Proficiency Levels Tables 2024-25: 'Proficiency is scoring in Level 3 or 4' for ACT with Writing),"'*' = number of students <= 10, or total minus subgroup <= 10; '~' = percentage >= 95% or <= 5% (page legend)",ACT with Writing (Math),ACT with Writing (English Language Arts),11 (ACAP Summative is grades 2-8; grade 11 rows in export not verified),none found: ACT with Writing is the HS accountability test since 2017-18; ALSDE was considering a WorkKeys alternative in Sept 2025 (after the window),https://www.alabamaachieves.org/assessment/ (ACT with Writing section); https://alabamareflector.com/2025/09/19/alsde-proposes-changes-to-standardized-testing-for-high-school-students/,yes,"Grid shows 3,156,312 rows across years; year must be chosen before export. Confirm Grade=11 rows and Race values in one export."
AL,2022-23,2023,https://reportcard.alsde.edu/SupportingData_Proficiency.aspx,Federal Report Card > Student Participation & Proficiency: Reporting Year 2022-2023 > Export to CSV (grid covers every system and school; filter Grade and Race/Ethnicity after export). Also on https://www.alabamaachieves.org/reports-data/school-performance/ (Proficiency section): ELA https://www.alabamaachieves.org/wp-content/uploads/2023/03/RD_SP_2023731_2022-2023-ELA-Participation-and-Proficiency_V1.0.xlsb ; Math https://www.alabamaachieves.org/wp-content/uploads/2023/08/RD_SP_2023731_2022-2023-MATH-Participation-and-Proficiency_V1.0.xlsb (contents not opened),CSV export (report card); XLSB/XLSX (alabamaachieves files),yes,yes (System rows),expected,expected,expected,"Export grid columns seen on page: Year, System, School, Subject, Grade, Gender, Race, Ethnicity, Sub Population, Enrolled, Tested, Proficient, Participation Rate, Proficient Rate, Level 1-4 counts and %. Category values in Race/Ethnicity not viewed",Level 1-4; Proficient Rate column,Level 3 or 4 (ALSDE Proficiency Levels Tables 2024-25: 'Proficiency is scoring in Level 3 or 4' for ACT with Writing),"'*' = number of students <= 10, or total minus subgroup <= 10; '~' = percentage >= 95% or <= 5% (page legend)",ACT with Writing (Math),ACT with Writing (English Language Arts),11 (ACAP Summative is grades 2-8; grade 11 rows in export not verified),none found: ACT with Writing is the HS accountability test since 2017-18; ALSDE was considering a WorkKeys alternative in Sept 2025 (after the window),https://www.alabamaachieves.org/assessment/ (ACT with Writing section); https://alabamareflector.com/2025/09/19/alsde-proposes-changes-to-standardized-testing-for-high-school-students/,yes,"Grid shows 3,156,312 rows across years; year must be chosen before export. Confirm Grade=11 rows and Race values in one export."
AL,2023-24,2024,https://reportcard.alsde.edu/SupportingData_Proficiency.aspx,Federal Report Card > Student Participation & Proficiency: Reporting Year 2023-2024 > Export to CSV (grid covers every system and school; filter Grade and Race/Ethnicity after export). Also on https://www.alabamaachieves.org/reports-data/school-performance/ (Proficiency section): ELA https://www.alabamaachieves.org/wp-content/uploads/2024/08/RD_SP_202488_2023-2024-Participation-and-Proficiency-ELA_v1.0.xlsb ; Math https://www.alabamaachieves.org/wp-content/uploads/2024/08/RD_SP_202488_2023-2024-Participation-and-Proficiency-Math_v1.0.xlsb (contents not opened),CSV export (report card); XLSB/XLSX (alabamaachieves files),yes,yes (System rows),expected,expected,expected,"Export grid columns seen on page: Year, System, School, Subject, Grade, Gender, Race, Ethnicity, Sub Population, Enrolled, Tested, Proficient, Participation Rate, Proficient Rate, Level 1-4 counts and %. Category values in Race/Ethnicity not viewed",Level 1-4; Proficient Rate column,Level 3 or 4 (ALSDE Proficiency Levels Tables 2024-25: 'Proficiency is scoring in Level 3 or 4' for ACT with Writing),"'*' = number of students <= 10, or total minus subgroup <= 10; '~' = percentage >= 95% or <= 5% (page legend)",ACT with Writing (Math),ACT with Writing (English Language Arts),11 (ACAP Summative is grades 2-8; grade 11 rows in export not verified),none found: ACT with Writing is the HS accountability test since 2017-18; ALSDE was considering a WorkKeys alternative in Sept 2025 (after the window),https://www.alabamaachieves.org/assessment/ (ACT with Writing section); https://alabamareflector.com/2025/09/19/alsde-proposes-changes-to-standardized-testing-for-high-school-students/,yes,"Grid shows 3,156,312 rows across years; year must be chosen before export. Confirm Grade=11 rows and Race values in one export."
AL,2024-25,2025,https://reportcard.alsde.edu/SupportingData_Proficiency.aspx,Federal Report Card > Student Participation & Proficiency: Reporting Year 2024-2025 > Export to CSV (grid covers every system and school; filter Grade and Race/Ethnicity after export). Also on https://www.alabamaachieves.org/reports-data/school-performance/ (Proficiency section): ELA https://www.alabamaachieves.org/wp-content/uploads/2025/08/RD_SP_2025813_2024-2025ParticipationandProficiencyELA_v1.xlsx ; Math https://www.alabamaachieves.org/wp-content/uploads/2025/08/RD_SP_2025813_2024-2025ParticipationandProficiencyMath_v1.xlsx (contents not opened),CSV export (report card); XLSB/XLSX (alabamaachieves files),yes,yes (System rows),expected,expected,expected,"Export grid columns seen on page: Year, System, School, Subject, Grade, Gender, Race, Ethnicity, Sub Population, Enrolled, Tested, Proficient, Participation Rate, Proficient Rate, Level 1-4 counts and %. Category values in Race/Ethnicity not viewed",Level 1-4; Proficient Rate column,Level 3 or 4 (ALSDE Proficiency Levels Tables 2024-25: 'Proficiency is scoring in Level 3 or 4' for ACT with Writing),"'*' = number of students <= 10, or total minus subgroup <= 10; '~' = percentage >= 95% or <= 5% (page legend)",ACT with Writing (Math),ACT with Writing (English Language Arts),11 (ACAP Summative is grades 2-8; grade 11 rows in export not verified),none found: ACT with Writing is the HS accountability test since 2017-18; ALSDE was considering a WorkKeys alternative in Sept 2025 (after the window),https://www.alabamaachieves.org/assessment/ (ACT with Writing section); https://alabamareflector.com/2025/09/19/alsde-proposes-changes-to-standardized-testing-for-high-school-students/,yes,"Grid shows 3,156,312 rows across years; year must be chosen before export. Confirm Grade=11 rows and Race values in one export."
AK,2021-22,2022,https://education.alaska.gov/assessment-results/Home/Result?schoolYear=2021-2022,No statewide AK STAR file. Per district: Districtwide > choose district > 'Download Four-Way Supressed Data (.csv)' = https://education.alaska.gov/assessment-results/District/DownloadCSV?districtId=<id>&districtName=<name>&schoolYear=2021-2022&isScience=False (about 54 districts). Statewide xlsx files on the page are the DLM alternate assessment only,CSV per district; HTML subgroup tables,no,yes (one file per district),yes (HTML subgroup table 'African American'),yes ('Hispanic'),yes ('Caucasian'),"DistrictSubGroup HTML page (Anchorage, 2024-25, grade 9 math) lists African American, Hispanic, Caucasian rows; four-way CSV not opened; CSV link confirmed on 2021-22 and 2024-25 district pages",Advanced / Proficient vs Approaching Proficient / Needs Support,Advanced + Proficient,"No results if fewer than 5 tested; if either proficiency group has 0-2 students, counts removed and percentages shown as ranges; '*' where results would release PII",AK STAR Mathematics grade 9,AK STAR ELA grade 9,9 (AK STAR grades 3-9),"2022: AK STAR first administered, replacing PEAKS (grades 3-9)",https://education.alaska.gov/assessments/akstar ; https://content.govdelivery.com/accounts/AKDEED/bulletins/397010c ; https://statetestscoreresults.substack.com/p/alaska-2025-assessment-results,no statewide file (per-district CSVs could be assembled),High school measure is grade 9 only. DEED results pages reject requests without a browser user agent.
AK,2022-23,2023,https://education.alaska.gov/assessment-results/Home/Result?schoolYear=2022-2023,No statewide AK STAR file. Per district: Districtwide > choose district > 'Download Four-Way Supressed Data (.csv)' = https://education.alaska.gov/assessment-results/District/DownloadCSV?districtId=<id>&districtName=<name>&schoolYear=2022-2023&isScience=False (about 54 districts). Statewide xlsx files on the page are the DLM alternate assessment only,CSV per district; HTML subgroup tables,no,yes (one file per district),yes (HTML subgroup table 'African American'),yes ('Hispanic'),yes ('Caucasian'),"DistrictSubGroup HTML page (Anchorage, 2024-25, grade 9 math) lists African American, Hispanic, Caucasian rows; four-way CSV not opened; CSV link confirmed on 2021-22 and 2024-25 district pages",Advanced / Proficient vs Approaching Proficient / Needs Support,Advanced + Proficient,"No results if fewer than 5 tested; if either proficiency group has 0-2 students, counts removed and percentages shown as ranges; '*' where results would release PII",AK STAR Mathematics grade 9,AK STAR ELA grade 9,9 (AK STAR grades 3-9),"2023: cut scores reviewed and updated (validation study and policy review); same test, not a replacement under the test_replacement.csv rule",https://education.alaska.gov/assessments/akstar ; https://content.govdelivery.com/accounts/AKDEED/bulletins/397010c ; https://statetestscoreresults.substack.com/p/alaska-2025-assessment-results,no statewide file (per-district CSVs could be assembled),High school measure is grade 9 only. DEED results pages reject requests without a browser user agent.
AK,2023-24,2024,https://education.alaska.gov/assessment-results/Home/Result?schoolYear=2023-2024,No statewide AK STAR file. Per district: Districtwide > choose district > 'Download Four-Way Supressed Data (.csv)' = https://education.alaska.gov/assessment-results/District/DownloadCSV?districtId=<id>&districtName=<name>&schoolYear=2023-2024&isScience=False (about 54 districts). Statewide xlsx files on the page are the DLM alternate assessment only,CSV per district; HTML subgroup tables,no,yes (one file per district),yes (HTML subgroup table 'African American'),yes ('Hispanic'),yes ('Caucasian'),"DistrictSubGroup HTML page (Anchorage, 2024-25, grade 9 math) lists African American, Hispanic, Caucasian rows; four-way CSV not opened; CSV link confirmed on 2021-22 and 2024-25 district pages",Advanced / Proficient vs Approaching Proficient / Needs Support,Advanced + Proficient,"No results if fewer than 5 tested; if either proficiency group has 0-2 students, counts removed and percentages shown as ranges; '*' where results would release PII",AK STAR Mathematics grade 9,AK STAR ELA grade 9,9 (AK STAR grades 3-9),none,https://education.alaska.gov/assessments/akstar ; https://content.govdelivery.com/accounts/AKDEED/bulletins/397010c ; https://statetestscoreresults.substack.com/p/alaska-2025-assessment-results,no statewide file (per-district CSVs could be assembled),High school measure is grade 9 only. DEED results pages reject requests without a browser user agent.
AK,2024-25,2025,https://education.alaska.gov/assessment-results/Home/Result?schoolYear=2024-2025,No statewide AK STAR file. Per district: Districtwide > choose district > 'Download Four-Way Supressed Data (.csv)' = https://education.alaska.gov/assessment-results/District/DownloadCSV?districtId=<id>&districtName=<name>&schoolYear=2024-2025&isScience=False (about 54 districts). Statewide xlsx files on the page are the DLM alternate assessment only,CSV per district; HTML subgroup tables,no,yes (one file per district),yes (HTML subgroup table 'African American'),yes ('Hispanic'),yes ('Caucasian'),"DistrictSubGroup HTML page (Anchorage, 2024-25, grade 9 math) lists African American, Hispanic, Caucasian rows; four-way CSV not opened; CSV link confirmed on 2021-22 and 2024-25 district pages",Advanced / Proficient vs Approaching Proficient / Needs Support,Advanced + Proficient,"No results if fewer than 5 tested; if either proficiency group has 0-2 students, counts removed and percentages shown as ranges; '*' where results would release PII",AK STAR Mathematics grade 9,AK STAR ELA grade 9,9 (AK STAR grades 3-9),none,https://education.alaska.gov/assessments/akstar ; https://content.govdelivery.com/accounts/AKDEED/bulletins/397010c ; https://statetestscoreresults.substack.com/p/alaska-2025-assessment-results,no statewide file (per-district CSVs could be assembled),High school measure is grade 9 only. DEED results pages reject requests without a browser user agent.
AZ,2021-22,2022,https://www.azed.gov/accountability-research/data,State Assessment Public Files > 'Assessments 2022': https://www.azed.gov/sites/default/files/2023/08/math_ela_assessments_2022_redacted.xlsx,XLSX,yes,expected (LEA tab),unverified,unverified,unverified,"Not confirmed without opening. ADE describes its earlier combined public files (2019) as having separate tabs by school, LEA, county and state; the FY22-25 layout was not seen",Minimally Proficient / Partially Proficient / Proficient / Highly Proficient,Proficient + Highly Proficient,'*' = numbers under 11 not reported (FERPA) (page note under Assessments 2021-2023; same file series),ACT Aspire (grade 9) and ACT (grade 11),ACT Aspire (grade 9) and ACT (grade 11),9 and 11,2022: AzM2 high school tests replaced by ACT Aspire (grade 9) and ACT (grade 11) as the statewide HS achievement tests,"https://www.azed.gov/assessment/act-aspire ; https://www.azed.gov/assessment/act (search-index copies for spring 2022: ACT grade 11 Cohort 2023, ACT Aspire grade 9 Cohort 2025); https://www.azed.gov/sites/default/files/2022/08/ACT-ACT%20Aspire%20Comparison%202022-2023.pdf (now 404)",probable (LEA x race rows and HS test inclusion to confirm in one file),azed.gov blocks non-browser requests (Cloudflare); page read in Chrome. 2022 file is marked 'redacted'.
AZ,2022-23,2023,https://www.azed.gov/accountability-research/data,State Assessment Public Files > 'Assessments 2023': https://www.azed.gov/sites/default/files/2024/02/math_ela_assessments_2023_publish%5B1%5D.xlsx,XLSX,yes,expected (LEA tab),unverified,unverified,unverified,"Not confirmed without opening. ADE describes its earlier combined public files (2019) as having separate tabs by school, LEA, county and state; the FY22-25 layout was not seen",Minimally Proficient / Partially Proficient / Proficient / Highly Proficient,Proficient + Highly Proficient,'*' = numbers under 11 not reported (FERPA) (page note under Assessments 2021-2023; same file series),ACT Aspire (grade 9) and ACT (grade 11),ACT Aspire (grade 9) and ACT (grade 11),9 and 11,none (ACT Aspire kept for grade 9 'for the life of our contract' though discontinued nationally),"https://www.azed.gov/assessment/act-aspire ; https://www.azed.gov/assessment/act (search-index copies for spring 2022: ACT grade 11 Cohort 2023, ACT Aspire grade 9 Cohort 2025); https://www.azed.gov/sites/default/files/2022/08/ACT-ACT%20Aspire%20Comparison%202022-2023.pdf (now 404)",probable (LEA x race rows and HS test inclusion to confirm in one file),azed.gov blocks non-browser requests (Cloudflare); page read in Chrome. 2022 file is marked 'redacted'.
AZ,2023-24,2024,https://www.azed.gov/accountability-research/data,State Assessment Public Files > 'Assessments 2024': https://www.azed.gov/sites/default/files/2024/09/math_ela_assessmentsfy24.xlsx,XLSX,yes,expected (LEA tab),unverified,unverified,unverified,"Not confirmed without opening. ADE describes its earlier combined public files (2019) as having separate tabs by school, LEA, county and state; the FY22-25 layout was not seen",Minimally Proficient / Partially Proficient / Proficient / Highly Proficient,Proficient + Highly Proficient,'*' = numbers under 11 not reported (FERPA) (page note under Assessments 2021-2023; same file series),ACT Aspire (grade 9) and ACT (grade 11),ACT Aspire (grade 9) and ACT (grade 11),9 and 11,none (ACT Aspire kept for grade 9 'for the life of our contract' though discontinued nationally),"https://www.azed.gov/assessment/act-aspire ; https://www.azed.gov/assessment/act (search-index copies for spring 2022: ACT grade 11 Cohort 2023, ACT Aspire grade 9 Cohort 2025); https://www.azed.gov/sites/default/files/2022/08/ACT-ACT%20Aspire%20Comparison%202022-2023.pdf (now 404)",probable (LEA x race rows and HS test inclusion to confirm in one file),azed.gov blocks non-browser requests (Cloudflare); page read in Chrome. 2022 file is marked 'redacted'.
AZ,2024-25,2025,https://www.azed.gov/accountability-research/data,State Assessment Public Files > 'Assessments 2025': https://www.azed.gov/sites/default/files/2025/10/math_ela_assessmentsfy25.xlsx,XLSX,yes,expected (LEA tab),unverified,unverified,unverified,"Not confirmed without opening. ADE describes its earlier combined public files (2019) as having separate tabs by school, LEA, county and state; the FY22-25 layout was not seen",Minimally Proficient / Partially Proficient / Proficient / Highly Proficient,Proficient + Highly Proficient,'*' = numbers under 11 not reported (FERPA) (page note under Assessments 2021-2023; same file series),ACT Aspire (grade 9) and ACT (grade 11),ACT Aspire (grade 9) and ACT (grade 11),9 and 11,none (ACT Aspire kept for grade 9 'for the life of our contract' though discontinued nationally),"https://www.azed.gov/assessment/act-aspire ; https://www.azed.gov/assessment/act (search-index copies for spring 2022: ACT grade 11 Cohort 2023, ACT Aspire grade 9 Cohort 2025); https://www.azed.gov/sites/default/files/2022/08/ACT-ACT%20Aspire%20Comparison%202022-2023.pdf (now 404)",probable (LEA x race rows and HS test inclusion to confirm in one file),azed.gov blocks non-browser requests (Cloudflare); page read in Chrome. 2022 file is marked 'redacted'.
AR,2021-22,2022,https://dese.ade.arkansas.gov/Offices/public-school-accountability/assessment-test-scores/2022,"Summary post-appeals: https://dese.ade.arkansas.gov/Files/2021-2022_ACT_Aspire_Summary_Post_Appeals_Scores_LS.xlsx ; 'Reporting Categories, Avg Scale Scores, and Demographics': https://dese.ade.arkansas.gov/Files/2021-2022_ACT_Aspire_Preliminary_Scores_Added_Sheets_LS.xlsx",XLSX,yes (all-students summaries),yes (district and school summaries),"possible (2021-22 'Demographics' sheet, not opened)",possible,possible,File titles and page text describe district/school score summaries by grade (plus 'No Grade' and COOP/County versions); no race/ethnicity file listed except the 2021-22 added-sheets title. Subgroups appear on My School Info report cards (per district) or by data request form,In Need of Support / Close / Ready / Exceeding,Ready + Exceeding,'N<10' = 10 or fewer students tested (page note),ACT Aspire,ACT Aspire,ACT Aspire grades 9-10,none,"https://dese.ade.arkansas.gov/Offices/public-school-accountability/assessment/atlas-assessment-overview ('Beginning in the Spring of 2024, ... ATLAS will serve as the statewide student assessment system'); https://oep.uark.edu/how-are-arkansas-students-doing-2025-atlas-results-are-in/",unclear (open the Demographics sheet to check),"Grade 11 ACT district summaries are also posted but ACT is not the ESSA test. U of A Office for Education Policy reposts district files (oep.uark.edu), all students."
AR,2022-23,2023,https://dese.ade.arkansas.gov/Offices/public-school-accountability/assessment-test-scores/2023,Post-corrections summary: https://dese.ade.arkansas.gov/Files/ACT_Aspire_Post-Corrections_Summary_10102023_PSA.xlsx,XLSX,yes (all-students summaries),yes (district and school summaries),not found,not found,not found,File titles and page text describe district/school score summaries by grade (plus 'No Grade' and COOP/County versions); no race/ethnicity file listed except the 2021-22 added-sheets title. Subgroups appear on My School Info report cards (per district) or by data request form,In Need of Support / Close / Ready / Exceeding,Ready + Exceeding,'N<10' = 10 or fewer students tested (page note),ACT Aspire,ACT Aspire,ACT Aspire grades 9-10,none,"https://dese.ade.arkansas.gov/Offices/public-school-accountability/assessment/atlas-assessment-overview ('Beginning in the Spring of 2024, ... ATLAS will serve as the statewide student assessment system'); https://oep.uark.edu/how-are-arkansas-students-doing-2025-atlas-results-are-in/",no subgroup file found,"Grade 11 ACT district summaries are also posted but ACT is not the ESSA test. U of A Office for Education Policy reposts district files (oep.uark.edu), all students."
AR,2023-24,2024,https://dese.ade.arkansas.gov/Offices/public-school-accountability/assessment-test-scores/2024,Post-appeals summary: https://dese.ade.arkansas.gov/Files/Atlas_Summary_10182024_PSA.xlsx,XLSX,yes (all-students summaries),yes (district and school summaries),not found,not found,not found,File titles and page text describe district/school score summaries by grade (plus 'No Grade' and COOP/County versions); no race/ethnicity file listed except the 2021-22 added-sheets title. Subgroups appear on My School Info report cards (per district) or by data request form,Level 1-4,Level 3 + Level 4,'N<10' = 10 or fewer students tested (page note),ATLAS,ATLAS,ATLAS (page heading 'ATLAS 3-10 and EOC'),2024: ATLAS replaced ACT Aspire as the statewide assessment,"https://dese.ade.arkansas.gov/Offices/public-school-accountability/assessment/atlas-assessment-overview ('Beginning in the Spring of 2024, ... ATLAS will serve as the statewide student assessment system'); https://oep.uark.edu/how-are-arkansas-students-doing-2025-atlas-results-are-in/",no subgroup file found,"Grade 11 ACT district summaries are also posted but ACT is not the ESSA test. U of A Office for Education Policy reposts district files (oep.uark.edu), all students."
AR,2024-25,2025,https://dese.ade.arkansas.gov/Offices/public-school-accountability/assessment-test-scores/2025,Post-corrections summary: https://dese-admin.ade.arkansas.gov/Files/ATLAS_Summary_Post-Corrections_Scores_Spring_2025_PSA.xlsx,XLSX,yes (all-students summaries),yes (district and school summaries),not found,not found,not found,File titles and page text describe district/school score summaries by grade (plus 'No Grade' and COOP/County versions); no race/ethnicity file listed except the 2021-22 added-sheets title. Subgroups appear on My School Info report cards (per district) or by data request form,Level 1-4,Level 3 + Level 4,'N<10' = 10 or fewer students tested (page note),ATLAS,ATLAS,ATLAS ELA grades 9-10; math Algebra 1 and Geometry EOC,none found (ATLAS second year); whether 2024 HS math was grade 9-10 or EOC not confirmed,"https://dese.ade.arkansas.gov/Offices/public-school-accountability/assessment/atlas-assessment-overview ('Beginning in the Spring of 2024, ... ATLAS will serve as the statewide student assessment system'); https://oep.uark.edu/how-are-arkansas-students-doing-2025-atlas-results-are-in/",no subgroup file found,"Grade 11 ACT district summaries are also posted but ACT is not the ESSA test. U of A Office for Education Policy reposts district files (oep.uark.edu), all students."
CA,2021-22,2022,https://caaspp-elpac.ets.org/caaspp/ResearchFileListSB?ps=true&lstTestYear=2022&lstTestType=B&lstCounty=00&lstDistrict=00000,"Statewide, All Student Groups, caret-delimited: https://caaspp-elpac.ets.org/caaspp/researchfiles/sb_ca2022_all_csv_v1.zip (ELA only sb_ca2022_all_csv_ela_v1.zip; math only sb_ca2022_all_csv_math_v1.zip); entities list sb_ca2022entities_csv.zip; layout on the ResearchFileFormatSB page","ZIP of caret-delimited text (also fixed-width TXT, Access MDB)",yes,"yes (state, county, district, school records)",yes (Student Group ID 074),yes (078),yes (080),"Research file format page Table A (2024-25) lists 074 Black or African American, 078 Hispanic or Latino, 080 White",Standard Exceeded / Met / Nearly Met / Not Met; field 'Percentage Standard Met and Above',Standard Met + Standard Exceeded,No scores reported for any group with fewer than 11 students,Smarter Balanced Mathematics grade 11,Smarter Balanced ELA/Literacy grade 11,11 (Grade code 11),none,"https://caaspp-elpac.ets.org/caaspp/ResearchFileFormatSB?ps=true&lstTestYear=2025&lstTestType=B (Table C: SB ELA, SB Mathematics)",yes,2021-22 all-groups CSV zip listed at 83 MB; 2022-23 at 88 MB. Table A read for 2024-25 only; per-year layout files posted.
CA,2022-23,2023,https://caaspp-elpac.ets.org/caaspp/ResearchFileListSB?ps=true&lstTestYear=2023&lstTestType=B&lstCounty=00&lstDistrict=00000,"Statewide, All Student Groups, caret-delimited: https://caaspp-elpac.ets.org/caaspp/researchfiles/sb_ca2023_all_csv_v1.zip (ELA only sb_ca2023_all_csv_ela_v1.zip; math only sb_ca2023_all_csv_math_v1.zip); entities list sb_ca2023entities_csv.zip; layout on the ResearchFileFormatSB page","ZIP of caret-delimited text (also fixed-width TXT, Access MDB)",yes,"yes (state, county, district, school records)",yes (Student Group ID 074),yes (078),yes (080),"Research file format page Table A (2024-25) lists 074 Black or African American, 078 Hispanic or Latino, 080 White",Standard Exceeded / Met / Nearly Met / Not Met; field 'Percentage Standard Met and Above',Standard Met + Standard Exceeded,No scores reported for any group with fewer than 11 students,Smarter Balanced Mathematics grade 11,Smarter Balanced ELA/Literacy grade 11,11 (Grade code 11),none,"https://caaspp-elpac.ets.org/caaspp/ResearchFileFormatSB?ps=true&lstTestYear=2025&lstTestType=B (Table C: SB ELA, SB Mathematics)",yes,2021-22 all-groups CSV zip listed at 83 MB; 2022-23 at 88 MB. Table A read for 2024-25 only; per-year layout files posted.
CA,2023-24,2024,https://caaspp-elpac.ets.org/caaspp/ResearchFileListSB?ps=true&lstTestYear=2024&lstTestType=B&lstCounty=00&lstDistrict=00000,"Statewide, All Student Groups, caret-delimited: https://caaspp-elpac.ets.org/caaspp/researchfiles/sb_ca2024_all_csv_v1.zip (ELA only sb_ca2024_all_csv_ela_v1.zip; math only sb_ca2024_all_csv_math_v1.zip); entities list sb_ca2024entities_csv.zip; layout on the ResearchFileFormatSB page","ZIP of caret-delimited text (also fixed-width TXT, Access MDB)",yes,"yes (state, county, district, school records)",yes (Student Group ID 074),yes (078),yes (080),"Research file format page Table A (2024-25) lists 074 Black or African American, 078 Hispanic or Latino, 080 White",Standard Exceeded / Met / Nearly Met / Not Met; field 'Percentage Standard Met and Above',Standard Met + Standard Exceeded,No scores reported for any group with fewer than 11 students,Smarter Balanced Mathematics grade 11,Smarter Balanced ELA/Literacy grade 11,11 (Grade code 11),none,"https://caaspp-elpac.ets.org/caaspp/ResearchFileFormatSB?ps=true&lstTestYear=2025&lstTestType=B (Table C: SB ELA, SB Mathematics)",yes,2021-22 all-groups CSV zip listed at 83 MB; 2022-23 at 88 MB. Table A read for 2024-25 only; per-year layout files posted.
CA,2024-25,2025,https://caaspp-elpac.ets.org/caaspp/ResearchFileListSB?ps=true&lstTestYear=2025&lstTestType=B&lstCounty=00&lstDistrict=00000,"Statewide, All Student Groups, caret-delimited: https://caaspp-elpac.ets.org/caaspp/researchfiles/sb_ca2025_all_csv_v1.zip (ELA only sb_ca2025_all_csv_ela_v1.zip; math only sb_ca2025_all_csv_math_v1.zip); entities list sb_ca2025entities_csv.zip; layout on the ResearchFileFormatSB page","ZIP of caret-delimited text (also fixed-width TXT, Access MDB)",yes,"yes (state, county, district, school records)",yes (Student Group ID 074),yes (078),yes (080),"Research file format page Table A (2024-25) lists 074 Black or African American, 078 Hispanic or Latino, 080 White",Standard Exceeded / Met / Nearly Met / Not Met; field 'Percentage Standard Met and Above',Standard Met + Standard Exceeded,No scores reported for any group with fewer than 11 students,Smarter Balanced Mathematics grade 11,Smarter Balanced ELA/Literacy grade 11,11 (Grade code 11),none,"https://caaspp-elpac.ets.org/caaspp/ResearchFileFormatSB?ps=true&lstTestYear=2025&lstTestType=B (Table C: SB ELA, SB Mathematics)",yes,2021-22 all-groups CSV zip listed at 83 MB; 2022-23 at 88 MB. Table A read for 2024-25 only; per-year layout files posted.
CO,2021-22,2022,https://ed.cde.state.co.us/fs/pages/2240,'2022 PSAT and SAT Math District and School Achievement Results Disaggregated by Subgroups (XLS)': https://ed.cde.state.co.us/fs/resource-manager/view/d25d281c-a6ba-40c4-8c99-d43231019fa5 ; 'Reading and Writing ... Disaggregated by Subgroups (XLS)': https://ed.cde.state.co.us/fs/resource-manager/view/11cb7358-aa57-4b7d-aad8-2eaaa851e544,XLS/XLSX,yes,yes (district and school),expected,expected,expected,File titles 'District and School Achievement Results Disaggregated by Subgroups'; subgroup list not viewed,Met or exceeded the state's college readiness benchmark (Chalkbeat 2024 description of CDE public results),Met or exceeded benchmark (single cut),'--' = group too small to display (SchoolView note); numeric threshold not stated on the page,SAT Math (grade 11); PSAT grades 9-10,SAT Reading and Writing (grade 11); PSAT grades 9-10,11 (SAT); PSAT 9 and 10 in the same files,none,https://www.cde.state.co.us/communications/newsrelease-collegeboardrecommended ; https://www.cde.state.co.us/communications/news-release-91124-september-sbe ; https://www.chalkbeat.org/colorado/2024/07/02/colorado-preliminary-state-tests-sat-scores-concern-officials/,yes (single-cut benchmark share; flag 2024 digital transition),CMAS ELA/math cover grades 3-8 only. Benchmark definition and n-size to be read from the file's notes.
CO,2022-23,2023,https://ed.cde.state.co.us/fs/pages/2240,'2023 PSAT and SAT Math District and School Achievement Results Disaggregated by Subgroups (XLS)': https://ed.cde.state.co.us/fs/resource-manager/view/a822670f-72e8-4e57-b302-7958750ebec7 ; 'Reading and Writing ... Disaggregated by Subgroups (XLS)': https://ed.cde.state.co.us/fs/resource-manager/view/6f97f053-6339-48ad-94eb-6e569f137bf9,XLS/XLSX,yes,yes (district and school),expected,expected,expected,File titles 'District and School Achievement Results Disaggregated by Subgroups'; subgroup list not viewed,Met or exceeded the state's college readiness benchmark (Chalkbeat 2024 description of CDE public results),Met or exceeded benchmark (single cut),'--' = group too small to display (SchoolView note); numeric threshold not stated on the page,SAT Math (grade 11); PSAT grades 9-10,SAT Reading and Writing (grade 11); PSAT grades 9-10,11 (SAT); PSAT 9 and 10 in the same files,none,https://www.cde.state.co.us/communications/newsrelease-collegeboardrecommended ; https://www.cde.state.co.us/communications/news-release-91124-september-sbe ; https://www.chalkbeat.org/colorado/2024/07/02/colorado-preliminary-state-tests-sat-scores-concern-officials/,yes (single-cut benchmark share; flag 2024 digital transition),CMAS ELA/math cover grades 3-8 only. Benchmark definition and n-size to be read from the file's notes.
CO,2023-24,2024,https://ed.cde.state.co.us/fs/pages/2240,'2024 PSAT and SAT Math District and School Achievement Results Disaggregated by Subgroups (XLS)': https://ed.cde.state.co.us/fs/resource-manager/view/f7ab5f44-337a-4294-a0ee-9fa1b50b0aa1 ; 'Reading and Writing ... Disaggregated by Subgroups (XLS)': https://ed.cde.state.co.us/fs/resource-manager/view/8b049469-cb94-4852-be47-881492eec491,XLS/XLSX,yes,yes (district and school),expected,expected,expected,File titles 'District and School Achievement Results Disaggregated by Subgroups'; subgroup list not viewed,Met or exceeded the state's college readiness benchmark (Chalkbeat 2024 description of CDE public results),Met or exceeded benchmark (single cut),'--' = group too small to display (SchoolView note); numeric threshold not stated on the page,SAT Math (grade 11); PSAT grades 9-10,SAT Reading and Writing (grade 11); PSAT grades 9-10,11 (SAT); PSAT 9 and 10 in the same files,"2024: paper SAT/PSAT 10 replaced by the digital SAT Suite (new items, content shifts; CDE attributes part of the 2024 math drop to the test change; SBE adjusted digital SAT math cut scores for graduation guidelines); PSAT 8/9 in grade 9 per 2024-25 layout",https://www.cde.state.co.us/communications/newsrelease-collegeboardrecommended ; https://www.cde.state.co.us/communications/news-release-91124-september-sbe ; https://www.chalkbeat.org/colorado/2024/07/02/colorado-preliminary-state-tests-sat-scores-concern-officials/,yes (single-cut benchmark share; flag 2024 digital transition),CMAS ELA/math cover grades 3-8 only. Benchmark definition and n-size to be read from the file's notes.
CO,2024-25,2025,https://ed.cde.state.co.us/fs/pages/2240,'2025 PSAT and SAT Math District and School Achievement Results Disaggregated by Subgroups (XLS)': https://ed.cde.state.co.us/fs/resource-manager/view/674e0eda-a614-4d9e-819a-1473c2a2675f ; 'Reading and Writing ... Disaggregated by Subgroups (XLS)': https://ed.cde.state.co.us/fs/resource-manager/view/9d0b0a64-b9e0-48a0-adda-927a3e80bee1,XLS/XLSX,yes,yes (district and school),expected,expected,expected,File titles 'District and School Achievement Results Disaggregated by Subgroups'; subgroup list not viewed,Met or exceeded the state's college readiness benchmark (Chalkbeat 2024 description of CDE public results),Met or exceeded benchmark (single cut),'--' = group too small to display (SchoolView note); numeric threshold not stated on the page,SAT Math (grade 11); PSAT grades 9-10,SAT Reading and Writing (grade 11); PSAT grades 9-10,11 (SAT); PSAT 9 and 10 in the same files,none,https://www.cde.state.co.us/communications/newsrelease-collegeboardrecommended ; https://www.cde.state.co.us/communications/news-release-91124-september-sbe ; https://www.chalkbeat.org/colorado/2024/07/02/colorado-preliminary-state-tests-sat-scores-concern-officials/,yes (single-cut benchmark share; flag 2024 digital transition),CMAS ELA/math cover grades 3-8 only. Benchmark definition and n-size to be read from the file's notes.
CT,2021-22,2022,https://public-edsight.ct.gov/performance/connecticut-school-day-sat,"EdSight 'Connecticut SAT School Day' report (SAS stored process CTSchoolDaySATReport_SiteCore): Year=2021-22, District='All Districts', Subject=ELA or Math, Filter By='Race/Ethnicity', Submit, then 'Export .csv file'",CSV export from interactive report,"yes (export, not a posted static file)",yes ('All Districts' option),expected,expected,expected,"Report filter options seen: All Students, Race/Ethnicity, Gender, SWD, FRL (2- and 3-level), EL, High Needs, Homeless, Foster Care, Military Family; race category values not displayed",Percentage Level 3 or 4 (Met or Exceeded); also Average Score,Level 3 + Level 4,"CSDE rules: counts <=5 suppressed with complementary suppression; statistic suppressed if its count is suppressed, numerator <=5, or denominator < 20 (inequality symbol garbled in PDF text extraction; read as <=5)",Connecticut SAT School Day Math,Connecticut SAT School Day Reading and Writing (ELA),11,none,https://portal.ct.gov/-/media/SDE/Student-Assessment/SAT/2324-SDY-896-Digital-SAT-School-Day-Student-Guide-ADA.pdf ; https://portal.ct.gov/sde/student-assessment/sat/connecticut-sat-school-day,yes (via export),"Year list in report: 2025-26 back to 2021-22, then 2018-19 and earlier. Smarter Balanced covers grades 3-8 only. Suppression rules: https://edsight.ct.gov/relatedreports/BDCRE%20Data%20Suppression%20Rules.pdf"
CT,2022-23,2023,https://public-edsight.ct.gov/performance/connecticut-school-day-sat,"EdSight 'Connecticut SAT School Day' report (SAS stored process CTSchoolDaySATReport_SiteCore): Year=2022-23, District='All Districts', Subject=ELA or Math, Filter By='Race/Ethnicity', Submit, then 'Export .csv file'",CSV export from interactive report,"yes (export, not a posted static file)",yes ('All Districts' option),expected,expected,expected,"Report filter options seen: All Students, Race/Ethnicity, Gender, SWD, FRL (2- and 3-level), EL, High Needs, Homeless, Foster Care, Military Family; race category values not displayed",Percentage Level 3 or 4 (Met or Exceeded); also Average Score,Level 3 + Level 4,"CSDE rules: counts <=5 suppressed with complementary suppression; statistic suppressed if its count is suppressed, numerator <=5, or denominator < 20 (inequality symbol garbled in PDF text extraction; read as <=5)",Connecticut SAT School Day Math,Connecticut SAT School Day Reading and Writing (ELA),11,none,https://portal.ct.gov/-/media/SDE/Student-Assessment/SAT/2324-SDY-896-Digital-SAT-School-Day-Student-Guide-ADA.pdf ; https://portal.ct.gov/sde/student-assessment/sat/connecticut-sat-school-day,yes (via export),"Year list in report: 2025-26 back to 2021-22, then 2018-19 and earlier. Smarter Balanced covers grades 3-8 only. Suppression rules: https://edsight.ct.gov/relatedreports/BDCRE%20Data%20Suppression%20Rules.pdf"
CT,2023-24,2024,https://public-edsight.ct.gov/performance/connecticut-school-day-sat,"EdSight 'Connecticut SAT School Day' report (SAS stored process CTSchoolDaySATReport_SiteCore): Year=2023-24, District='All Districts', Subject=ELA or Math, Filter By='Race/Ethnicity', Submit, then 'Export .csv file'",CSV export from interactive report,"yes (export, not a posted static file)",yes ('All Districts' option),expected,expected,expected,"Report filter options seen: All Students, Race/Ethnicity, Gender, SWD, FRL (2- and 3-level), EL, High Needs, Homeless, Foster Care, Military Family; race category values not displayed",Percentage Level 3 or 4 (Met or Exceeded); also Average Score,Level 3 + Level 4,"CSDE rules: counts <=5 suppressed with complementary suppression; statistic suppressed if its count is suppressed, numerator <=5, or denominator < 20 (inequality symbol garbled in PDF text extraction; read as <=5)",Connecticut SAT School Day Math,Connecticut SAT School Day Reading and Writing (ELA),11,2024: SAT School Day administered digitally (digital SAT: Reading and Writing + Math),https://portal.ct.gov/-/media/SDE/Student-Assessment/SAT/2324-SDY-896-Digital-SAT-School-Day-Student-Guide-ADA.pdf ; https://portal.ct.gov/sde/student-assessment/sat/connecticut-sat-school-day,yes (via export),"Year list in report: 2025-26 back to 2021-22, then 2018-19 and earlier. Smarter Balanced covers grades 3-8 only. Suppression rules: https://edsight.ct.gov/relatedreports/BDCRE%20Data%20Suppression%20Rules.pdf"
CT,2024-25,2025,https://public-edsight.ct.gov/performance/connecticut-school-day-sat,"EdSight 'Connecticut SAT School Day' report (SAS stored process CTSchoolDaySATReport_SiteCore): Year=2024-25, District='All Districts', Subject=ELA or Math, Filter By='Race/Ethnicity', Submit, then 'Export .csv file'",CSV export from interactive report,"yes (export, not a posted static file)",yes ('All Districts' option),expected,expected,expected,"Report filter options seen: All Students, Race/Ethnicity, Gender, SWD, FRL (2- and 3-level), EL, High Needs, Homeless, Foster Care, Military Family; race category values not displayed",Percentage Level 3 or 4 (Met or Exceeded); also Average Score,Level 3 + Level 4,"CSDE rules: counts <=5 suppressed with complementary suppression; statistic suppressed if its count is suppressed, numerator <=5, or denominator < 20 (inequality symbol garbled in PDF text extraction; read as <=5)",Connecticut SAT School Day Math,Connecticut SAT School Day Reading and Writing (ELA),11,none,https://portal.ct.gov/-/media/SDE/Student-Assessment/SAT/2324-SDY-896-Digital-SAT-School-Day-Student-Guide-ADA.pdf ; https://portal.ct.gov/sde/student-assessment/sat/connecticut-sat-school-day,yes (via export),"Year list in report: 2025-26 back to 2021-22, then 2018-19 and earlier. Smarter Balanced covers grades 3-8 only. Suppression rules: https://edsight.ct.gov/relatedreports/BDCRE%20Data%20Suppression%20Rules.pdf"
DE,2021-22,2022,https://data.delaware.gov/Education/Student-Assessment-Performance/ms6b-mt82,"Delaware Open Data 'Student Assessment Performance' > Export CSV, or https://data.delaware.gov/resource/ms6b-mt82.csv with $where schoolyear='2022' AND assessmentname='SAT School-Day (Spring)' AND schoolcode='0' AND districtcode!='0'",CSV (Socrata export/API),yes,yes,yes ('African American'),yes ('Hispanic/Latino'),yes ('White'),"Row counts from a Socrata group-by query (district rows, all genders/special populations/geography, ELA+MATH+ESSAY, every grade value): African American 122 reported/169 redacted; Hispanic/Latino 82/182; White 141/120 (no result values retrieved)",Proficient / PctProficient ('typically considered as 3 or above'),Level 3 and above,"RowStatus REDACTED/REPORTED; DDOE rule: redact when population < 15, or when population >= 15 and cell < 5 or within 5 of the population",SAT School-Day (Spring) MATH,SAT School-Day (Spring) ELA (also ESSAY rows),"11 (rows also for grades 9, 10, 12 and 'All Students')",none,https://education.delaware.gov/wp-content/uploads/digital_de/sat-sd-parents-flyer_final.pdf ; https://reports.collegeboard.org/media/pdf/2024-delaware-sat-suite-of-assessments-annual-report-ADA.pdf,yes (high redaction share for minority district rows),"29 districts with SAT district rows in 2022, 30 in 2023-2025. Metadata description of 'Gender' duplicates 'Grade'."
DE,2022-23,2023,https://data.delaware.gov/Education/Student-Assessment-Performance/ms6b-mt82,"Delaware Open Data 'Student Assessment Performance' > Export CSV, or https://data.delaware.gov/resource/ms6b-mt82.csv with $where schoolyear='2023' AND assessmentname='SAT School-Day (Spring)' AND schoolcode='0' AND districtcode!='0'",CSV (Socrata export/API),yes,yes,yes ('African American'),yes ('Hispanic/Latino'),yes ('White'),"Row counts from a Socrata group-by query (district rows, all genders/special populations/geography, ELA+MATH+ESSAY, every grade value): African American 112/68; Hispanic/Latino 92/82; White 142/32 (no result values retrieved)",Proficient / PctProficient ('typically considered as 3 or above'),Level 3 and above,"RowStatus REDACTED/REPORTED; DDOE rule: redact when population < 15, or when population >= 15 and cell < 5 or within 5 of the population",SAT School-Day (Spring) MATH,SAT School-Day (Spring) ELA (also ESSAY rows),"11 (rows also for grades 9, 10, 12 and 'All Students')",none,https://education.delaware.gov/wp-content/uploads/digital_de/sat-sd-parents-flyer_final.pdf ; https://reports.collegeboard.org/media/pdf/2024-delaware-sat-suite-of-assessments-annual-report-ADA.pdf,yes (high redaction share for minority district rows),"29 districts with SAT district rows in 2022, 30 in 2023-2025. Metadata description of 'Gender' duplicates 'Grade'."
DE,2023-24,2024,https://data.delaware.gov/Education/Student-Assessment-Performance/ms6b-mt82,"Delaware Open Data 'Student Assessment Performance' > Export CSV, or https://data.delaware.gov/resource/ms6b-mt82.csv with $where schoolyear='2024' AND assessmentname='SAT School-Day (Spring)' AND schoolcode='0' AND districtcode!='0'",CSV (Socrata export/API),yes,yes,yes ('African American'),yes ('Hispanic/Latino'),yes ('White'),"Row counts from a Socrata group-by query (district rows, all genders/special populations/geography, ELA+MATH+ESSAY, every grade value): African American 102/78; Hispanic/Latino 92/82; White 140/22 (no result values retrieved)",Proficient / PctProficient ('typically considered as 3 or above'),Level 3 and above,"RowStatus REDACTED/REPORTED; DDOE rule: redact when population < 15, or when population >= 15 and cell < 5 or within 5 of the population",SAT School-Day (Spring) MATH,SAT School-Day (Spring) ELA (also ESSAY rows),"11 (rows also for grades 9, 10, 12 and 'All Students')",2024: SAT School Day moved to the digital SAT,https://education.delaware.gov/wp-content/uploads/digital_de/sat-sd-parents-flyer_final.pdf ; https://reports.collegeboard.org/media/pdf/2024-delaware-sat-suite-of-assessments-annual-report-ADA.pdf,yes (high redaction share for minority district rows),"29 districts with SAT district rows in 2022, 30 in 2023-2025. Metadata description of 'Gender' duplicates 'Grade'."
DE,2024-25,2025,https://data.delaware.gov/Education/Student-Assessment-Performance/ms6b-mt82,"Delaware Open Data 'Student Assessment Performance' > Export CSV, or https://data.delaware.gov/resource/ms6b-mt82.csv with $where schoolyear='2025' AND assessmentname='SAT School-Day (Spring)' AND schoolcode='0' AND districtcode!='0'",CSV (Socrata export/API),yes,yes,yes ('African American'),yes ('Hispanic/Latino'),yes ('White'),"Row counts from a Socrata group-by query (district rows, all genders/special populations/geography, ELA+MATH+ESSAY, every grade value): African American 114/66; Hispanic/Latino 96/78; White 136/44 (no result values retrieved)",Proficient / PctProficient ('typically considered as 3 or above'),Level 3 and above,"RowStatus REDACTED/REPORTED; DDOE rule: redact when population < 15, or when population >= 15 and cell < 5 or within 5 of the population",SAT School-Day (Spring) MATH,SAT School-Day (Spring) ELA (also ESSAY rows),"11 (rows also for grades 9, 10, 12 and 'All Students')",none,https://education.delaware.gov/wp-content/uploads/digital_de/sat-sd-parents-flyer_final.pdf ; https://reports.collegeboard.org/media/pdf/2024-delaware-sat-suite-of-assessments-annual-report-ADA.pdf,yes (high redaction share for minority district rows),"29 districts with SAT district rows in 2022, 30 in 2023-2025. Metadata description of 'Gender' duplicates 'Grade'."
DC,2021-22,2022,https://osse.dc.gov/page/2021-22-parcc-and-msaa-results-and-resources,'2021-22 LEA Level PARCC and MSAA Data [XLS]' in Box folder https://dcgov.app.box.com/v/PARCC-MSAA-Public,XLSX (Box share),yes,yes (LEA = DCPS plus charter LEAs),yes,yes,yes,"Page text: LEA file includes the percentage of students in each LEA meeting or exceeding expectations, broken down at every grade level and for specific groups of students","Level 1 Did Not Yet Meet, 2 Partially Met, 3 Approached, 4 Met, 5 Exceeded Expectations",Level 4 + Level 5,"OSSE policy: denominators < 10 shown as 'n<10'; blurred percentages (e.g. <=10%, >=90%) at extremes; complementary suppression 'DS'; file 'Data Notes' tab","PARCC Algebra I, Geometry (Algebra II also offered)",PARCC ELA I / ELA II,course-based (no single grade),none,https://osse.dc.gov/blog/new-name-same-high-quality-introducing-dc-cape ; https://osse.dc.gov/dccape,yes,"DC is a single SEA; most LEAs are single-school charters, so a 'district' gap is mostly a charter-network gap. School-level files are also posted."
DC,2022-23,2023,https://osse.dc.gov/assessmentresults2023,"'2022-23 LEA Level Statewide Assessment Data': https://app.box.com/s/w3dz0osavcf1x4qenwk9yr4n709go41g (Box name '2022-23 LEA Level PARCC and MSAA Data_9_5.xlsx', 43,457,247 bytes)",XLSX (Box share),yes,yes (LEA = DCPS plus charter LEAs),expected,expected,expected,Page describes LEA-level performance results; file size consistent with subgroup rows; not opened,"Level 1 Did Not Yet Meet, 2 Partially Met, 3 Approached, 4 Met, 5 Exceeded Expectations",Level 4 + Level 5,"OSSE policy: denominators < 10 shown as 'n<10'; blurred percentages (e.g. <=10%, >=90%) at extremes; complementary suppression 'DS'; file 'Data Notes' tab","PARCC Algebra I, Geometry (Algebra II also offered)",PARCC ELA I / ELA II,course-based (no single grade),none,https://osse.dc.gov/blog/new-name-same-high-quality-introducing-dc-cape ; https://osse.dc.gov/dccape,probable,"DC is a single SEA; most LEAs are single-school charters, so a 'district' gap is mostly a charter-network gap. School-level files are also posted."
DC,2023-24,2024,https://osse.dc.gov/assessmentresults2024,"'2023-24 LEA Level Statewide Assessment Data': https://app.box.com/s/x3026w17o4pmrbxjut2io5t51168b5y2 (Box name '2023-24 LEA Level DCCAPE and MSAA Data 1.15.2025.xlsx', 22,367,669 bytes)",XLSX (Box share),yes,yes (LEA = DCPS plus charter LEAs),expected,expected,expected,Page describes LEA-level performance results; not opened,"Level 1 Did Not Yet Meet, 2 Partially Met, 3 Approached, 4 Met, 5 Exceeded Expectations",Level 4 + Level 5,"OSSE policy: denominators < 10 shown as 'n<10'; blurred percentages (e.g. <=10%, >=90%) at extremes; complementary suppression 'DS'; file 'Data Notes' tab","DC CAPE Algebra I, Geometry (Algebra II also offered)",DC CAPE ELA I / ELA II,course-based (no single grade),2024: PARCC renamed DC CAPE; OSSE says same blueprints and comparable to prior PARCC results (not a replacement under the rule),https://osse.dc.gov/blog/new-name-same-high-quality-introducing-dc-cape ; https://osse.dc.gov/dccape,probable,"DC is a single SEA; most LEAs are single-school charters, so a 'district' gap is mostly a charter-network gap. School-level files are also posted."
DC,2024-25,2025,https://osse.dc.gov/assessmentresults2025,"'2024-25 LEA Level Statewide Assessment Data' > Overall Results: https://app.box.com/s/a1bx09uvrx0i066n2alof3onbfivboen (Box name '2024-25 Public File LEA Level DCCAPE and MSAA Data 1.xlsx', 2,021,448 bytes)",XLSX (Box share),yes,yes (LEA = DCPS plus charter LEAs),unverified,unverified,unverified,File is about one tenth the size of 2023-24; subgroup rows may be absent; not opened,"Level 1 Did Not Yet Meet, 2 Partially Met, 3 Approached, 4 Met, 5 Exceeded Expectations",Level 4 + Level 5,"OSSE policy: denominators < 10 shown as 'n<10'; blurred percentages (e.g. <=10%, >=90%) at extremes; complementary suppression 'DS'; file 'Data Notes' tab","DC CAPE Algebra I, Geometry (Algebra II also offered)",DC CAPE ELA I / ELA II,course-based (no single grade),none (a DC CAPE 2.0 FAQ dated 12/2025 points to a change after the window),https://osse.dc.gov/blog/new-name-same-high-quality-introducing-dc-cape ; https://osse.dc.gov/dccape,unverified (small file),"DC is a single SEA; most LEAs are single-school charters, so a 'district' gap is mostly a charter-network gap. School-level files are also posted."
FL,2021-22,2022,https://www.fldoe.org/accountability/assessments/k-12-student-assessment/results/2022.stml,"Static Excel files are all students by grade or course ('State and District Scores for All Curriculum Groups', e.g. 2024 grade 10 ELA https://www.fldoe.org/core/fileparse.php/5668/urlt/10ELA10SRDSpring24.xls; EOC 'State Report of Districts'). Subgroups only through Know Your Data > Advanced Reports > 'Assessments - Statewide' (Tableau), https://edudata.fldoe.org/AdvancedReports.html, crosstab download",XLS (all students); Tableau crosstab (subgroups),no subgroup file (all-students XLS only),yes (all students),not in static files,not in static files,not in static files,2022 and 2024 results pages list grade/course district and school files only; Tableau report not opened (scripted reading blocked on edudata.fldoe.org),Achievement Levels 1-5,Level 3 and above,not verified,"FSA Algebra 1 EOC, Geometry EOC",FSA ELA grade 10,ELA grade 10 (grade 9 also tested); math course-based EOC,none,https://www.fldoe.org/accountability/assessments/k-12-student-assessment/best/ ; https://www.fldoe.org/core/fileparse.php/7490/urlt/2022-23-Understanding-B.E.S.T.-Reports.pdf,no static file; possibly via Tableau crosstab (unverified),fldoe.org denies non-browser requests; pages read in Chrome. 2023 and 2025 results pages not read (same series assumed).
FL,2022-23,2023,https://www.fldoe.org/accountability/assessments/k-12-student-assessment/results/2023.stml,"Static Excel files are all students by grade or course ('State and District Scores for All Curriculum Groups', e.g. 2024 grade 10 ELA https://www.fldoe.org/core/fileparse.php/5668/urlt/10ELA10SRDSpring24.xls; EOC 'State Report of Districts'). Subgroups only through Know Your Data > Advanced Reports > 'Assessments - Statewide' (Tableau), https://edudata.fldoe.org/AdvancedReports.html, crosstab download",XLS (all students); Tableau crosstab (subgroups),no subgroup file (all-students XLS only),yes (all students),not in static files,not in static files,not in static files,2022 and 2024 results pages list grade/course district and school files only; Tableau report not opened (scripted reading blocked on edudata.fldoe.org),Achievement Levels 1-5,Level 3 and above,not verified,"B.E.S.T. Algebra 1 EOC, Geometry EOC",FAST ELA Reading grades 9-10 (PM3),ELA grade 10 (grade 9 also tested); math course-based EOC,"2023: FSA replaced by FAST (ELA Reading grades 3-10) and B.E.S.T. EOCs on the B.E.S.T. standards; achievement levels provisional, linked to the 2021-22 scale",https://www.fldoe.org/accountability/assessments/k-12-student-assessment/best/ ; https://www.fldoe.org/core/fileparse.php/7490/urlt/2022-23-Understanding-B.E.S.T.-Reports.pdf,no static file; possibly via Tableau crosstab (unverified),fldoe.org denies non-browser requests; pages read in Chrome. 2023 and 2025 results pages not read (same series assumed).
FL,2023-24,2024,https://www.fldoe.org/accountability/assessments/k-12-student-assessment/results/2024.stml,"Static Excel files are all students by grade or course ('State and District Scores for All Curriculum Groups', e.g. 2024 grade 10 ELA https://www.fldoe.org/core/fileparse.php/5668/urlt/10ELA10SRDSpring24.xls; EOC 'State Report of Districts'). Subgroups only through Know Your Data > Advanced Reports > 'Assessments - Statewide' (Tableau), https://edudata.fldoe.org/AdvancedReports.html, crosstab download",XLS (all students); Tableau crosstab (subgroups),no subgroup file (all-students XLS only),yes (all students),not in static files,not in static files,not in static files,2022 and 2024 results pages list grade/course district and school files only; Tableau report not opened (scripted reading blocked on edudata.fldoe.org),Achievement Levels 1-5,Level 3 and above,not verified,"B.E.S.T. Algebra 1 EOC, Geometry EOC",FAST ELA Reading grades 9-10 (PM3),ELA grade 10 (grade 9 also tested); math course-based EOC,"2024: new FAST/B.E.S.T. reporting scale and cut scores approved by the State Board in fall 2023, used from Winter 2023 / PM2 2023-24 (same test)",https://www.fldoe.org/accountability/assessments/k-12-student-assessment/best/ ; https://www.fldoe.org/core/fileparse.php/7490/urlt/2022-23-Understanding-B.E.S.T.-Reports.pdf,no static file; possibly via Tableau crosstab (unverified),fldoe.org denies non-browser requests; pages read in Chrome. 2023 and 2025 results pages not read (same series assumed).
FL,2024-25,2025,https://www.fldoe.org/accountability/assessments/k-12-student-assessment/results/2025.stml,"Static Excel files are all students by grade or course ('State and District Scores for All Curriculum Groups', e.g. 2024 grade 10 ELA https://www.fldoe.org/core/fileparse.php/5668/urlt/10ELA10SRDSpring24.xls; EOC 'State Report of Districts'). Subgroups only through Know Your Data > Advanced Reports > 'Assessments - Statewide' (Tableau), https://edudata.fldoe.org/AdvancedReports.html, crosstab download",XLS (all students); Tableau crosstab (subgroups),no subgroup file (all-students XLS only),yes (all students),not in static files,not in static files,not in static files,2022 and 2024 results pages list grade/course district and school files only; Tableau report not opened (scripted reading blocked on edudata.fldoe.org),Achievement Levels 1-5,Level 3 and above,not verified,"B.E.S.T. Algebra 1 EOC, Geometry EOC",FAST ELA Reading grades 9-10 (PM3),ELA grade 10 (grade 9 also tested); math course-based EOC,none,https://www.fldoe.org/accountability/assessments/k-12-student-assessment/best/ ; https://www.fldoe.org/core/fileparse.php/7490/urlt/2022-23-Understanding-B.E.S.T.-Reports.pdf,no static file; possibly via Tableau crosstab (unverified),fldoe.org denies non-browser requests; pages read in Chrome. 2023 and 2025 results pages not read (same series assumed).
GA,2021-22,2022,https://goews.georgia.gov/dashboards-data-report-card/downloadable-data,'Georgia Milestones End-of-Course (EOC) Assessments' 2021-22: https://download.gosa.ga.gov/2022/EOC_2022_Dec08_2022.csv (a separate 'EOC (by grade)' series is also listed),CSV,yes,expected (GOSA files carry system and school rows),expected,expected,expected,Page text: 'Number of students tested as well as totals and percentages of performance levels disaggregated by subject area and student subgroups',Beginning / Developing / Proficient / Distinguished Learner,Proficient + Distinguished,"'TFS' (Too Few Students): groups with fewer than 10 students not reported (GOEWS Data Sources, Rules and Definitions)",Georgia Milestones Algebra I EOC,Georgia Milestones American Literature and Composition EOC,course-based EOC,none,https://sites.google.com/g.gcpsk12.org/algebra/georgia-milestone-eoc ; https://www.businesswire.com/news/home/20230815074324/en/ (GaDOE assessment page not reached; verify),yes (district rows to confirm),gosa.georgia.gov now redirects to goews.georgia.gov.
GA,2022-23,2023,https://goews.georgia.gov/dashboards-data-report-card/downloadable-data,'Georgia Milestones End-of-Course (EOC) Assessments' 2022-23: https://download.gosa.ga.gov/2023/EOC_2022-23__GA_TST_AGGR_2023-12-15_18_54_21.csv (a separate 'EOC (by grade)' series is also listed),CSV,yes,expected (GOSA files carry system and school rows),expected,expected,expected,Page text: 'Number of students tested as well as totals and percentages of performance levels disaggregated by subject area and student subgroups',Beginning / Developing / Proficient / Distinguished Learner,Proficient + Distinguished,"'TFS' (Too Few Students): groups with fewer than 10 students not reported (GOEWS Data Sources, Rules and Definitions)",Georgia Milestones Algebra I EOC,Georgia Milestones American Literature and Composition EOC,course-based EOC,none,https://sites.google.com/g.gcpsk12.org/algebra/georgia-milestone-eoc ; https://www.businesswire.com/news/home/20230815074324/en/ (GaDOE assessment page not reached; verify),yes (district rows to confirm),gosa.georgia.gov now redirects to goews.georgia.gov.
GA,2023-24,2024,https://goews.georgia.gov/dashboards-data-report-card/downloadable-data,'Georgia Milestones End-of-Course (EOC) Assessments' 2023-24: https://download.gosa.ga.gov/2024/EOC_2023-24__GA_TST_AGGR_2025-01-14_16_19_30.csv (a separate 'EOC (by grade)' series is also listed),CSV,yes,expected (GOSA files carry system and school rows),expected,expected,expected,Page text: 'Number of students tested as well as totals and percentages of performance levels disaggregated by subject area and student subgroups',Beginning / Developing / Proficient / Distinguished Learner,Proficient + Distinguished,"'TFS' (Too Few Students): groups with fewer than 10 students not reported (GOEWS Data Sources, Rules and Definitions)",Georgia Milestones Algebra: Concepts and Connections EOC,Georgia Milestones American Literature and Composition EOC,course-based EOC,2024: new K-12 math standards from 2023-24; Algebra: Concepts and Connections course and EOC in place of Algebra I (EOC transition year not confirmed on a GaDOE page),https://sites.google.com/g.gcpsk12.org/algebra/georgia-milestone-eoc ; https://www.businesswire.com/news/home/20230815074324/en/ (GaDOE assessment page not reached; verify),yes (district rows to confirm),gosa.georgia.gov now redirects to goews.georgia.gov.
GA,2024-25,2025,https://goews.georgia.gov/dashboards-data-report-card/downloadable-data,'Georgia Milestones End-of-Course (EOC) Assessments' 2024-25: https://download.gosa.ga.gov/2025/EOC_2024-25__GA_TST_AGGR_2026-02-19_00_31_27.csv (a separate 'EOC (by grade)' series is also listed),CSV,yes,expected (GOSA files carry system and school rows),expected,expected,expected,Page text: 'Number of students tested as well as totals and percentages of performance levels disaggregated by subject area and student subgroups',Beginning / Developing / Proficient / Distinguished Learner,Proficient + Distinguished,"'TFS' (Too Few Students): groups with fewer than 10 students not reported (GOEWS Data Sources, Rules and Definitions)",Georgia Milestones Algebra: Concepts and Connections EOC,Georgia Milestones American Literature and Composition EOC,course-based EOC,none,https://sites.google.com/g.gcpsk12.org/algebra/georgia-milestone-eoc ; https://www.businesswire.com/news/home/20230815074324/en/ (GaDOE assessment page not reached; verify),yes (district rows to confirm),gosa.georgia.gov now redirects to goews.georgia.gov.
HI,2021-22,2022,https://arch.k12.hi.us/reports/strivehi-performance,No statewide district file: Hawaii DOE is a single statewide district. ARCH Strive HI Performance Report is a per-school PDF (select year and school); ARCH Accountability Data Center (/adc-redirect) is interactive,PDF (per school); interactive,no,no (one district = state),n/a,n/a,n/a,HIDOE describes ARCH results disaggregated by major race/ethnicity categories at school level; not viewed,Smarter Balanced Levels 1-4,Level 3 + Level 4,not checked,Smarter Balanced Mathematics grade 11,Smarter Balanced ELA grade 11,11,none,https://smarterbalanced.alohahsap.org/index.html,no (no within-district contrast possible),State Public Charter School Commission is a second LEA; the project's gap (a) already has no HI row.
HI,2022-23,2023,https://arch.k12.hi.us/reports/strivehi-performance,No statewide district file: Hawaii DOE is a single statewide district. ARCH Strive HI Performance Report is a per-school PDF (select year and school); ARCH Accountability Data Center (/adc-redirect) is interactive,PDF (per school); interactive,no,no (one district = state),n/a,n/a,n/a,HIDOE describes ARCH results disaggregated by major race/ethnicity categories at school level; not viewed,Smarter Balanced Levels 1-4,Level 3 + Level 4,not checked,Smarter Balanced Mathematics grade 11,Smarter Balanced ELA grade 11,11,none,https://smarterbalanced.alohahsap.org/index.html,no (no within-district contrast possible),State Public Charter School Commission is a second LEA; the project's gap (a) already has no HI row.
HI,2023-24,2024,https://arch.k12.hi.us/reports/strivehi-performance,No statewide district file: Hawaii DOE is a single statewide district. ARCH Strive HI Performance Report is a per-school PDF (select year and school); ARCH Accountability Data Center (/adc-redirect) is interactive,PDF (per school); interactive,no,no (one district = state),n/a,n/a,n/a,HIDOE describes ARCH results disaggregated by major race/ethnicity categories at school level; not viewed,Smarter Balanced Levels 1-4,Level 3 + Level 4,not checked,Smarter Balanced Mathematics grade 11,Smarter Balanced ELA grade 11,11,none,https://smarterbalanced.alohahsap.org/index.html,no (no within-district contrast possible),State Public Charter School Commission is a second LEA; the project's gap (a) already has no HI row.
HI,2024-25,2025,https://arch.k12.hi.us/reports/strivehi-performance,No statewide district file: Hawaii DOE is a single statewide district. ARCH Strive HI Performance Report is a per-school PDF (select year and school); ARCH Accountability Data Center (/adc-redirect) is interactive,PDF (per school); interactive,no,no (one district = state),n/a,n/a,n/a,HIDOE describes ARCH results disaggregated by major race/ethnicity categories at school level; not viewed,Smarter Balanced Levels 1-4,Level 3 + Level 4,not checked,Smarter Balanced Mathematics grade 11,Smarter Balanced ELA grade 11,11,none,https://smarterbalanced.alohahsap.org/index.html,no (no within-district contrast possible),State Public Charter School Commission is a second LEA; the project's gap (a) already has no HI row.
ID,2021-22,2022,https://www.idahoreportcard.org/datafiles,"Idaho Report Card > Data Downloads > 'Achievement - ISAT ELA Proficiency' / 'Achievement - ISAT Math Proficiency' (download buttons; year coverage not checked, not clicked). Former SDE file (404 after the 2025 site redesign; Wayback copy exists): https://www.sde.idaho.gov/assessment/Accountability/files/accountability-results/2022/2022-ISAT-Results.xlsx",XLSX (legacy SDE); report-card download format unknown,yes (legacy file per year); current host unclear,expected,unverified,unverified,unverified,"Archived SDE accountability page lists 'ISAT / IDAA by Performance Levels (All Students / Continuously Enrolled)', where 'All Students' contrasts with continuously enrolled, not with subgroups; 2025 release says summaries are overall and by subgroup",Below Basic / Basic / Proficient / Advanced,Proficient + Advanced,"files labelled REDACTED (2024, 2025); threshold not verified",ISAT (Smarter Balanced) Mathematics,ISAT (Smarter Balanced) ELA,11 per SDE ISAT page (2025-26) and the 2025 release; earlier years' HS grade not verified,none found (State Board reviewing the grade 11 assessment as of Aug 2025),https://www.sde.idaho.gov/about-us/departments/assessment-accountability/idaho-standards-achievement-test-isat/ ; https://www.sde.idaho.gov/wp-content/uploads/2025/08/08-26-2025-Idaho-Department-of-Education-Releases-2025-ISAT-Scores.pdf,probable (subgroup rows and live host to confirm),"Legacy URLs return 404 on 2026-09-15; web.archive.org captures dated 2022-10-26, 2024-06-01, 2024-11-20/2025-02-03, 2025-08-30."
ID,2022-23,2023,https://www.idahoreportcard.org/datafiles,"Idaho Report Card > Data Downloads > 'Achievement - ISAT ELA Proficiency' / 'Achievement - ISAT Math Proficiency' (download buttons; year coverage not checked, not clicked). Former SDE file (404 after the 2025 site redesign; Wayback copy exists): https://sde.idaho.gov/assessment/accountability/files/accountability-results/2023/2022-2023-ALL-STUDENTS-ISAT-By-Level-Aggregates.xlsx",XLSX (legacy SDE); report-card download format unknown,yes (legacy file per year); current host unclear,expected,unverified,unverified,unverified,"Archived SDE accountability page lists 'ISAT / IDAA by Performance Levels (All Students / Continuously Enrolled)', where 'All Students' contrasts with continuously enrolled, not with subgroups; 2025 release says summaries are overall and by subgroup",Below Basic / Basic / Proficient / Advanced,Proficient + Advanced,"files labelled REDACTED (2024, 2025); threshold not verified",ISAT (Smarter Balanced) Mathematics,ISAT (Smarter Balanced) ELA,11 per SDE ISAT page (2025-26) and the 2025 release; earlier years' HS grade not verified,none found (State Board reviewing the grade 11 assessment as of Aug 2025),https://www.sde.idaho.gov/about-us/departments/assessment-accountability/idaho-standards-achievement-test-isat/ ; https://www.sde.idaho.gov/wp-content/uploads/2025/08/08-26-2025-Idaho-Department-of-Education-Releases-2025-ISAT-Scores.pdf,probable (subgroup rows and live host to confirm),"Legacy URLs return 404 on 2026-09-15; web.archive.org captures dated 2022-10-26, 2024-06-01, 2024-11-20/2025-02-03, 2025-08-30."
ID,2023-24,2024,https://www.idahoreportcard.org/datafiles,"Idaho Report Card > Data Downloads > 'Achievement - ISAT ELA Proficiency' / 'Achievement - ISAT Math Proficiency' (download buttons; year coverage not checked, not clicked). Former SDE file (404 after the 2025 site redesign; Wayback copy exists): https://www.sde.idaho.gov/assessment/accountability/files/accountability-results/2024/2023-2024-ISAT-Assessment-Aggregates-All-Students-REDACTED.xlsx",XLSX (legacy SDE); report-card download format unknown,yes (legacy file per year); current host unclear,expected,unverified,unverified,unverified,"Archived SDE accountability page lists 'ISAT / IDAA by Performance Levels (All Students / Continuously Enrolled)', where 'All Students' contrasts with continuously enrolled, not with subgroups; 2025 release says summaries are overall and by subgroup",Below Basic / Basic / Proficient / Advanced,Proficient + Advanced,"files labelled REDACTED (2024, 2025); threshold not verified",ISAT (Smarter Balanced) Mathematics,ISAT (Smarter Balanced) ELA,11 per SDE ISAT page (2025-26) and the 2025 release; earlier years' HS grade not verified,none found (State Board reviewing the grade 11 assessment as of Aug 2025),https://www.sde.idaho.gov/about-us/departments/assessment-accountability/idaho-standards-achievement-test-isat/ ; https://www.sde.idaho.gov/wp-content/uploads/2025/08/08-26-2025-Idaho-Department-of-Education-Releases-2025-ISAT-Scores.pdf,probable (subgroup rows and live host to confirm),"Legacy URLs return 404 on 2026-09-15; web.archive.org captures dated 2022-10-26, 2024-06-01, 2024-11-20/2025-02-03, 2025-08-30."
ID,2024-25,2025,https://www.idahoreportcard.org/datafiles,"Idaho Report Card > Data Downloads > 'Achievement - ISAT ELA Proficiency' / 'Achievement - ISAT Math Proficiency' (download buttons; year coverage not checked, not clicked). Former SDE file (404 after the 2025 site redesign; Wayback copy exists): https://sde.idaho.gov/assessment/accountability/files/accountability-results/2025/2024-2025-ISAT-Aggregates-All-Students-REDACTED.xlsx",XLSX (legacy SDE); report-card download format unknown,yes (legacy file per year); current host unclear,expected,unverified,unverified,unverified,"Archived SDE accountability page lists 'ISAT / IDAA by Performance Levels (All Students / Continuously Enrolled)', where 'All Students' contrasts with continuously enrolled, not with subgroups; 2025 release says summaries are overall and by subgroup",Below Basic / Basic / Proficient / Advanced,Proficient + Advanced,"files labelled REDACTED (2024, 2025); threshold not verified",ISAT (Smarter Balanced) Mathematics,ISAT (Smarter Balanced) ELA,11 per SDE ISAT page (2025-26) and the 2025 release; earlier years' HS grade not verified,none found (State Board reviewing the grade 11 assessment as of Aug 2025),https://www.sde.idaho.gov/about-us/departments/assessment-accountability/idaho-standards-achievement-test-isat/ ; https://www.sde.idaho.gov/wp-content/uploads/2025/08/08-26-2025-Idaho-Department-of-Education-Releases-2025-ISAT-Scores.pdf,probable (subgroup rows and live host to confirm),"Legacy URLs return 404 on 2026-09-15; web.archive.org captures dated 2022-10-26, 2024-06-01, 2024-11-20/2025-02-03, 2025-08-30."
