"family","gap","event_set","weighting","panel","cohort","states","base_year","treated_units_base","treated_units","row","year","event_time","att","se","status"
"seda","b_black_white","primary","unweighted","unbalanced",2017,"SD",2016,1,4,"cohort post-reform average (did aggte, group)",,,0.0257808284901351,0.00911618113734121,"ok"
"seda","b_black_white","primary","unweighted","unbalanced",2017,"SD",2016,1,4,"group-time cell",2009,-8,0.291906722748656,0.0141773324512235,"ok"
"seda","b_black_white","primary","unweighted","unbalanced",2017,"SD",2016,1,4,"group-time cell",2010,-7,0.00781638104772912,0.0131981609457036,"ok"
"seda","b_black_white","primary","unweighted","unbalanced",2017,"SD",2016,1,4,"group-time cell",2011,-6,0.198468750073178,0.0112426707577991,"ok"
"seda","b_black_white","primary","unweighted","unbalanced",2017,"SD",2016,1,4,"group-time cell",2012,-5,-0.0212568557372475,0.0117883744260175,"ok"
"seda","b_black_white","primary","unweighted","unbalanced",2017,"SD",2016,1,4,"group-time cell",2013,-4,0.00216031508897962,0.00927693973736972,"ok"
"seda","b_black_white","primary","unweighted","unbalanced",2017,"SD",2016,1,4,"group-time cell",2014,-3,,,"not estimable"
"seda","b_black_white","primary","unweighted","unbalanced",2017,"SD",2016,1,4,"group-time cell",2015,-2,-0.0575666979484062,0.00669986969579686,"ok"
"seda","b_black_white","primary","unweighted","unbalanced",2017,"SD",2016,1,4,"group-time cell",2016,-1,0,,"reference (base period)"
"seda","b_black_white","primary","unweighted","unbalanced",2017,"SD",2016,1,4,"group-time cell",2017,0,-0.041856844874699,0.0071057546513885,"ok"
"seda","b_black_white","primary","unweighted","unbalanced",2017,"SD",2016,1,4,"group-time cell",2018,1,-0.0453976801131007,0.0112459748903225,"ok"
"seda","b_black_white","primary","unweighted","unbalanced",2017,"SD",2016,1,4,"group-time cell",2019,2,-0.040805016536167,0.0102330490470315,"ok"
"seda","b_black_white","primary","unweighted","unbalanced",2017,"SD",2016,1,4,"group-time cell",2022,5,-0.1665302562784,0.0154325616013771,"ok"
"seda","b_black_white","primary","unweighted","unbalanced",2017,"SD",2016,1,4,"group-time cell",2023,6,0.28926775362503,0.0109049031378561,"ok"
"seda","b_black_white","primary","unweighted","unbalanced",2017,"SD",2016,1,4,"group-time cell",2024,7,0.154652505105915,0.0132180556691335,"ok"
"seda","b_black_white","primary","unweighted","unbalanced",2017,"SD",2016,1,4,"group-time cell",2025,8,0.0311353385023687,0.0138737880422976,"ok"
"seda","b_black_white","primary","unweighted","unbalanced",2019,"NM",2018,0,8,"cohort post-reform average (did aggte, group)",,,,,"no estimable cell (no treated unit at the base period)"
"seda","b_black_white","primary","unweighted","unbalanced",2019,"NM",2018,0,8,"group-time cell",2009,-10,,,"not estimable"
"seda","b_black_white","primary","unweighted","unbalanced",2019,"NM",2018,0,8,"group-time cell",2010,-9,,,"not estimable"
"seda","b_black_white","primary","unweighted","unbalanced",2019,"NM",2018,0,8,"group-time cell",2011,-8,,,"not estimable"
"seda","b_black_white","primary","unweighted","unbalanced",2019,"NM",2018,0,8,"group-time cell",2012,-7,,,"not estimable"
"seda","b_black_white","primary","unweighted","unbalanced",2019,"NM",2018,0,8,"group-time cell",2013,-6,,,"not estimable"
"seda","b_black_white","primary","unweighted","unbalanced",2019,"NM",2018,0,8,"group-time cell",2014,-5,,,"not estimable"
"seda","b_black_white","primary","unweighted","unbalanced",2019,"NM",2018,0,8,"group-time cell",2015,-4,,,"not estimable"
"seda","b_black_white","primary","unweighted","unbalanced",2019,"NM",2018,0,8,"group-time cell",2016,-3,,,"not estimable"
"seda","b_black_white","primary","unweighted","unbalanced",2019,"NM",2018,0,8,"group-time cell",2017,-2,,,"not estimable"
"seda","b_black_white","primary","unweighted","unbalanced",2019,"NM",2018,0,8,"group-time cell",2018,-1,0,,"reference (base period)"
"seda","b_black_white","primary","unweighted","unbalanced",2019,"NM",2018,0,8,"group-time cell",2019,0,,,"not estimable"
"seda","b_black_white","primary","unweighted","unbalanced",2019,"NM",2018,0,8,"group-time cell",2022,3,,,"not estimable"
"seda","b_black_white","primary","unweighted","unbalanced",2019,"NM",2018,0,8,"group-time cell",2023,4,,,"not estimable"
"seda","b_black_white","primary","unweighted","unbalanced",2019,"NM",2018,0,8,"group-time cell",2024,5,,,"not estimable"
"seda","b_black_white","primary","unweighted","unbalanced",2019,"NM",2018,0,8,"group-time cell",2025,6,,,"not estimable"
"seda","b_black_white","primary","unweighted","unbalanced",2020,"NV",2019,2,4,"cohort post-reform average (did aggte, group)",,,-0.0731435494080612,0.00991714633733275,"ok"
"seda","b_black_white","primary","unweighted","unbalanced",2020,"NV",2019,2,4,"group-time cell",2009,-11,0.315849012508298,0.0133729473517687,"ok"
"seda","b_black_white","primary","unweighted","unbalanced",2020,"NV",2019,2,4,"group-time cell",2010,-10,0.358518082078542,0.0124200482870968,"ok"
"seda","b_black_white","primary","unweighted","unbalanced",2020,"NV",2019,2,4,"group-time cell",2011,-9,0.294626181829717,0.0114913831406581,"ok"
"seda","b_black_white","primary","unweighted","unbalanced",2020,"NV",2019,2,4,"group-time cell",2012,-8,0.0958933594694118,0.0101457393357892,"ok"
"seda","b_black_white","primary","unweighted","unbalanced",2020,"NV",2019,2,4,"group-time cell",2013,-7,0.0781220229696122,0.0112947177109914,"ok"
"seda","b_black_white","primary","unweighted","unbalanced",2020,"NV",2019,2,4,"group-time cell",2014,-6,,,"not estimable"
"seda","b_black_white","primary","unweighted","unbalanced",2020,"NV",2019,2,4,"group-time cell",2015,-5,,,"not estimable"
"seda","b_black_white","primary","unweighted","unbalanced",2020,"NV",2019,2,4,"group-time cell",2016,-4,0.00154467364155316,0.010229316498302,"ok"
"seda","b_black_white","primary","unweighted","unbalanced",2020,"NV",2019,2,4,"group-time cell",2017,-3,-0.0260905313989006,0.00733660392520812,"ok"
"seda","b_black_white","primary","unweighted","unbalanced",2020,"NV",2019,2,4,"group-time cell",2018,-2,0.00781699754913133,0.0052616988453798,"ok"
"seda","b_black_white","primary","unweighted","unbalanced",2020,"NV",2019,2,4,"group-time cell",2019,-1,0,,"reference (base period)"
"seda","b_black_white","primary","unweighted","unbalanced",2020,"NV",2019,2,4,"group-time cell",2022,2,-0.0362610106954629,0.0113660790092654,"ok"
"seda","b_black_white","primary","unweighted","unbalanced",2020,"NV",2019,2,4,"group-time cell",2023,3,-0.0607234857526052,0.0138571063860901,"ok"
"seda","b_black_white","primary","unweighted","unbalanced",2020,"NV",2019,2,4,"group-time cell",2024,4,-0.0829438422106541,0.0145655174140155,"ok"
"seda","b_black_white","primary","unweighted","unbalanced",2020,"NV",2019,2,4,"group-time cell",2025,5,-0.112645858973522,0.0131147030540357,"ok"
"seda","b_black_white","primary","unweighted","unbalanced",2025,"CO MS",2024,0,114,"cohort post-reform average (did aggte, group)",,,,,"no estimable cell (no treated unit at the base period)"
"seda","b_black_white","primary","unweighted","unbalanced",2025,"CO MS",2024,0,114,"group-time cell",2009,-16,,,"not estimable"
"seda","b_black_white","primary","unweighted","unbalanced",2025,"CO MS",2024,0,114,"group-time cell",2010,-15,,,"not estimable"
"seda","b_black_white","primary","unweighted","unbalanced",2025,"CO MS",2024,0,114,"group-time cell",2011,-14,,,"not estimable"
"seda","b_black_white","primary","unweighted","unbalanced",2025,"CO MS",2024,0,114,"group-time cell",2012,-13,,,"not estimable"
"seda","b_black_white","primary","unweighted","unbalanced",2025,"CO MS",2024,0,114,"group-time cell",2013,-12,,,"not estimable"
"seda","b_black_white","primary","unweighted","unbalanced",2025,"CO MS",2024,0,114,"group-time cell",2014,-11,,,"not estimable"
"seda","b_black_white","primary","unweighted","unbalanced",2025,"CO MS",2024,0,114,"group-time cell",2015,-10,,,"not estimable"
"seda","b_black_white","primary","unweighted","unbalanced",2025,"CO MS",2024,0,114,"group-time cell",2016,-9,,,"not estimable"
"seda","b_black_white","primary","unweighted","unbalanced",2025,"CO MS",2024,0,114,"group-time cell",2017,-8,,,"not estimable"
"seda","b_black_white","primary","unweighted","unbalanced",2025,"CO MS",2024,0,114,"group-time cell",2018,-7,,,"not estimable"
"seda","b_black_white","primary","unweighted","unbalanced",2025,"CO MS",2024,0,114,"group-time cell",2019,-6,,,"not estimable"
"seda","b_black_white","primary","unweighted","unbalanced",2025,"CO MS",2024,0,114,"group-time cell",2022,-3,,,"not estimable"
"seda","b_black_white","primary","unweighted","unbalanced",2025,"CO MS",2024,0,114,"group-time cell",2023,-2,,,"not estimable"
"seda","b_black_white","primary","unweighted","unbalanced",2025,"CO MS",2024,0,114,"group-time cell",2024,-1,0,,"reference (base period)"
"seda","b_black_white","primary","unweighted","unbalanced",2025,"CO MS",2024,0,114,"group-time cell",2025,0,,,"not estimable"
"seda","c_hispanic_white","primary","unweighted","unbalanced",2017,"SD",2016,4,12,"cohort post-reform average (did aggte, group)",,,-0.00840575185175203,0.0103460319210724,"ok"
"seda","c_hispanic_white","primary","unweighted","unbalanced",2017,"SD",2016,4,12,"group-time cell",2009,-8,0.0804311073494314,0.00863495697561235,"ok"
"seda","c_hispanic_white","primary","unweighted","unbalanced",2017,"SD",2016,4,12,"group-time cell",2010,-7,-0.172676659069775,0.0100508497983179,"ok"
"seda","c_hispanic_white","primary","unweighted","unbalanced",2017,"SD",2016,4,12,"group-time cell",2011,-6,-0.110219282243436,0.00726651297831477,"ok"
"seda","c_hispanic_white","primary","unweighted","unbalanced",2017,"SD",2016,4,12,"group-time cell",2012,-5,-0.0278418253471678,0.0113456762903991,"ok"
"seda","c_hispanic_white","primary","unweighted","unbalanced",2017,"SD",2016,4,12,"group-time cell",2013,-4,0.00445373912962971,0.00638831474154218,"ok"
"seda","c_hispanic_white","primary","unweighted","unbalanced",2017,"SD",2016,4,12,"group-time cell",2014,-3,,,"not estimable"
"seda","c_hispanic_white","primary","unweighted","unbalanced",2017,"SD",2016,4,12,"group-time cell",2015,-2,-0.141528479918996,0.00536684262524337,"ok"
"seda","c_hispanic_white","primary","unweighted","unbalanced",2017,"SD",2016,4,12,"group-time cell",2016,-1,0,,"reference (base period)"
"seda","c_hispanic_white","primary","unweighted","unbalanced",2017,"SD",2016,4,12,"group-time cell",2017,0,0.029415742882602,0.00467031076346615,"ok"
"seda","c_hispanic_white","primary","unweighted","unbalanced",2017,"SD",2016,4,12,"group-time cell",2018,1,0.0195937647256105,0.0126058486199695,"ok"
"seda","c_hispanic_white","primary","unweighted","unbalanced",2017,"SD",2016,4,12,"group-time cell",2019,2,0.0354649604614398,0.00653636539347986,"ok"
"seda","c_hispanic_white","primary","unweighted","unbalanced",2017,"SD",2016,4,12,"group-time cell",2022,5,-0.036229637230681,0.0136830293795936,"ok"
"seda","c_hispanic_white","primary","unweighted","unbalanced",2017,"SD",2016,4,12,"group-time cell",2023,6,-0.0216317868246766,0.0133415643687266,"ok"
"seda","c_hispanic_white","primary","unweighted","unbalanced",2017,"SD",2016,4,12,"group-time cell",2024,7,-0.0408028893211043,0.0185429839100992,"ok"
"seda","c_hispanic_white","primary","unweighted","unbalanced",2017,"SD",2016,4,12,"group-time cell",2025,8,-0.0446504176554545,0.0186229185555376,"ok"
"seda","c_hispanic_white","primary","unweighted","unbalanced",2019,"NM",2018,0,41,"cohort post-reform average (did aggte, group)",,,,,"no estimable cell (no treated unit at the base period)"
"seda","c_hispanic_white","primary","unweighted","unbalanced",2019,"NM",2018,0,41,"group-time cell",2009,-10,,,"not estimable"
"seda","c_hispanic_white","primary","unweighted","unbalanced",2019,"NM",2018,0,41,"group-time cell",2010,-9,,,"not estimable"
"seda","c_hispanic_white","primary","unweighted","unbalanced",2019,"NM",2018,0,41,"group-time cell",2011,-8,,,"not estimable"
"seda","c_hispanic_white","primary","unweighted","unbalanced",2019,"NM",2018,0,41,"group-time cell",2012,-7,,,"not estimable"
"seda","c_hispanic_white","primary","unweighted","unbalanced",2019,"NM",2018,0,41,"group-time cell",2013,-6,,,"not estimable"
"seda","c_hispanic_white","primary","unweighted","unbalanced",2019,"NM",2018,0,41,"group-time cell",2014,-5,,,"not estimable"
"seda","c_hispanic_white","primary","unweighted","unbalanced",2019,"NM",2018,0,41,"group-time cell",2015,-4,,,"not estimable"
"seda","c_hispanic_white","primary","unweighted","unbalanced",2019,"NM",2018,0,41,"group-time cell",2016,-3,,,"not estimable"
"seda","c_hispanic_white","primary","unweighted","unbalanced",2019,"NM",2018,0,41,"group-time cell",2017,-2,,,"not estimable"
"seda","c_hispanic_white","primary","unweighted","unbalanced",2019,"NM",2018,0,41,"group-time cell",2018,-1,0,,"reference (base period)"
"seda","c_hispanic_white","primary","unweighted","unbalanced",2019,"NM",2018,0,41,"group-time cell",2019,0,,,"not estimable"
"seda","c_hispanic_white","primary","unweighted","unbalanced",2019,"NM",2018,0,41,"group-time cell",2022,3,,,"not estimable"
"seda","c_hispanic_white","primary","unweighted","unbalanced",2019,"NM",2018,0,41,"group-time cell",2023,4,,,"not estimable"
"seda","c_hispanic_white","primary","unweighted","unbalanced",2019,"NM",2018,0,41,"group-time cell",2024,5,,,"not estimable"
"seda","c_hispanic_white","primary","unweighted","unbalanced",2019,"NM",2018,0,41,"group-time cell",2025,6,,,"not estimable"
"seda","c_hispanic_white","primary","unweighted","unbalanced",2020,"NV",2019,12,12,"cohort post-reform average (did aggte, group)",,,-0.0783376337116405,0.0115863774223124,"ok"
"seda","c_hispanic_white","primary","unweighted","unbalanced",2020,"NV",2019,12,12,"group-time cell",2009,-11,-0.103363734661133,0.00968044958876568,"ok"
"seda","c_hispanic_white","primary","unweighted","unbalanced",2020,"NV",2019,12,12,"group-time cell",2010,-10,-0.120771877228726,0.0120303018203078,"ok"
"seda","c_hispanic_white","primary","unweighted","unbalanced",2020,"NV",2019,12,12,"group-time cell",2011,-9,-0.132224771340175,0.0102201366215129,"ok"
"seda","c_hispanic_white","primary","unweighted","unbalanced",2020,"NV",2019,12,12,"group-time cell",2012,-8,-0.113790167690852,0.00955534374291147,"ok"
"seda","c_hispanic_white","primary","unweighted","unbalanced",2020,"NV",2019,12,12,"group-time cell",2013,-7,-0.118373482465902,0.0101164352407456,"ok"
"seda","c_hispanic_white","primary","unweighted","unbalanced",2020,"NV",2019,12,12,"group-time cell",2014,-6,,,"not estimable"
"seda","c_hispanic_white","primary","unweighted","unbalanced",2020,"NV",2019,12,12,"group-time cell",2015,-5,,,"not estimable"
"seda","c_hispanic_white","primary","unweighted","unbalanced",2020,"NV",2019,12,12,"group-time cell",2016,-4,-0.103268521258609,0.00661576489768748,"ok"
"seda","c_hispanic_white","primary","unweighted","unbalanced",2020,"NV",2019,12,12,"group-time cell",2017,-3,-0.0723026018725728,0.0058017821620512,"ok"
"seda","c_hispanic_white","primary","unweighted","unbalanced",2020,"NV",2019,12,12,"group-time cell",2018,-2,-0.0475696014748777,0.00636772425603636,"ok"
"seda","c_hispanic_white","primary","unweighted","unbalanced",2020,"NV",2019,12,12,"group-time cell",2019,-1,0,,"reference (base period)"
"seda","c_hispanic_white","primary","unweighted","unbalanced",2020,"NV",2019,12,12,"group-time cell",2022,2,-0.086372975393472,0.0106824615566029,"ok"
"seda","c_hispanic_white","primary","unweighted","unbalanced",2020,"NV",2019,12,12,"group-time cell",2023,3,-0.0771261154863774,0.0119647243345926,"ok"
"seda","c_hispanic_white","primary","unweighted","unbalanced",2020,"NV",2019,12,12,"group-time cell",2024,4,-0.0888376589999064,0.0156448059274711,"ok"
"seda","c_hispanic_white","primary","unweighted","unbalanced",2020,"NV",2019,12,12,"group-time cell",2025,5,-0.0610137849668063,0.0174453582116691,"ok"
"seda","c_hispanic_white","primary","unweighted","unbalanced",2025,"CO MS",2024,0,109,"cohort post-reform average (did aggte, group)",,,,,"no estimable cell (no treated unit at the base period)"
"seda","c_hispanic_white","primary","unweighted","unbalanced",2025,"CO MS",2024,0,109,"group-time cell",2009,-16,,,"not estimable"
"seda","c_hispanic_white","primary","unweighted","unbalanced",2025,"CO MS",2024,0,109,"group-time cell",2010,-15,,,"not estimable"
"seda","c_hispanic_white","primary","unweighted","unbalanced",2025,"CO MS",2024,0,109,"group-time cell",2011,-14,,,"not estimable"
"seda","c_hispanic_white","primary","unweighted","unbalanced",2025,"CO MS",2024,0,109,"group-time cell",2012,-13,,,"not estimable"
"seda","c_hispanic_white","primary","unweighted","unbalanced",2025,"CO MS",2024,0,109,"group-time cell",2013,-12,,,"not estimable"
"seda","c_hispanic_white","primary","unweighted","unbalanced",2025,"CO MS",2024,0,109,"group-time cell",2014,-11,,,"not estimable"
"seda","c_hispanic_white","primary","unweighted","unbalanced",2025,"CO MS",2024,0,109,"group-time cell",2015,-10,,,"not estimable"
"seda","c_hispanic_white","primary","unweighted","unbalanced",2025,"CO MS",2024,0,109,"group-time cell",2016,-9,,,"not estimable"
"seda","c_hispanic_white","primary","unweighted","unbalanced",2025,"CO MS",2024,0,109,"group-time cell",2017,-8,,,"not estimable"
"seda","c_hispanic_white","primary","unweighted","unbalanced",2025,"CO MS",2024,0,109,"group-time cell",2018,-7,,,"not estimable"
"seda","c_hispanic_white","primary","unweighted","unbalanced",2025,"CO MS",2024,0,109,"group-time cell",2019,-6,,,"not estimable"
"seda","c_hispanic_white","primary","unweighted","unbalanced",2025,"CO MS",2024,0,109,"group-time cell",2022,-3,,,"not estimable"
"seda","c_hispanic_white","primary","unweighted","unbalanced",2025,"CO MS",2024,0,109,"group-time cell",2023,-2,,,"not estimable"
"seda","c_hispanic_white","primary","unweighted","unbalanced",2025,"CO MS",2024,0,109,"group-time cell",2024,-1,0,,"reference (base period)"
"seda","c_hispanic_white","primary","unweighted","unbalanced",2025,"CO MS",2024,0,109,"group-time cell",2025,0,,,"not estimable"
"seda","b_black_white","r2","unweighted","unbalanced",2019,"NM",2018,0,8,"cohort post-reform average (did aggte, group)",,,,,"no estimable cell (no treated unit at the base period)"
"seda","b_black_white","r2","unweighted","unbalanced",2019,"NM",2018,0,8,"group-time cell",2009,-10,,,"not estimable"
"seda","b_black_white","r2","unweighted","unbalanced",2019,"NM",2018,0,8,"group-time cell",2010,-9,,,"not estimable"
"seda","b_black_white","r2","unweighted","unbalanced",2019,"NM",2018,0,8,"group-time cell",2011,-8,,,"not estimable"
"seda","b_black_white","r2","unweighted","unbalanced",2019,"NM",2018,0,8,"group-time cell",2012,-7,,,"not estimable"
"seda","b_black_white","r2","unweighted","unbalanced",2019,"NM",2018,0,8,"group-time cell",2013,-6,,,"not estimable"
"seda","b_black_white","r2","unweighted","unbalanced",2019,"NM",2018,0,8,"group-time cell",2014,-5,,,"not estimable"
"seda","b_black_white","r2","unweighted","unbalanced",2019,"NM",2018,0,8,"group-time cell",2015,-4,,,"not estimable"
"seda","b_black_white","r2","unweighted","unbalanced",2019,"NM",2018,0,8,"group-time cell",2016,-3,,,"not estimable"
"seda","b_black_white","r2","unweighted","unbalanced",2019,"NM",2018,0,8,"group-time cell",2017,-2,,,"not estimable"
"seda","b_black_white","r2","unweighted","unbalanced",2019,"NM",2018,0,8,"group-time cell",2018,-1,0,,"reference (base period)"
"seda","b_black_white","r2","unweighted","unbalanced",2019,"NM",2018,0,8,"group-time cell",2019,0,,,"not estimable"
"seda","b_black_white","r2","unweighted","unbalanced",2019,"NM",2018,0,8,"group-time cell",2022,3,,,"not estimable"
"seda","b_black_white","r2","unweighted","unbalanced",2019,"NM",2018,0,8,"group-time cell",2023,4,,,"not estimable"
"seda","b_black_white","r2","unweighted","unbalanced",2019,"NM",2018,0,8,"group-time cell",2024,5,,,"not estimable"
"seda","b_black_white","r2","unweighted","unbalanced",2019,"NM",2018,0,8,"group-time cell",2025,6,,,"not estimable"
"seda","c_hispanic_white","r2","unweighted","unbalanced",2019,"NM",2018,0,41,"cohort post-reform average (did aggte, group)",,,,,"no estimable cell (no treated unit at the base period)"
"seda","c_hispanic_white","r2","unweighted","unbalanced",2019,"NM",2018,0,41,"group-time cell",2009,-10,,,"not estimable"
"seda","c_hispanic_white","r2","unweighted","unbalanced",2019,"NM",2018,0,41,"group-time cell",2010,-9,,,"not estimable"
"seda","c_hispanic_white","r2","unweighted","unbalanced",2019,"NM",2018,0,41,"group-time cell",2011,-8,,,"not estimable"
"seda","c_hispanic_white","r2","unweighted","unbalanced",2019,"NM",2018,0,41,"group-time cell",2012,-7,,,"not estimable"
"seda","c_hispanic_white","r2","unweighted","unbalanced",2019,"NM",2018,0,41,"group-time cell",2013,-6,,,"not estimable"
"seda","c_hispanic_white","r2","unweighted","unbalanced",2019,"NM",2018,0,41,"group-time cell",2014,-5,,,"not estimable"
"seda","c_hispanic_white","r2","unweighted","unbalanced",2019,"NM",2018,0,41,"group-time cell",2015,-4,,,"not estimable"
"seda","c_hispanic_white","r2","unweighted","unbalanced",2019,"NM",2018,0,41,"group-time cell",2016,-3,,,"not estimable"
"seda","c_hispanic_white","r2","unweighted","unbalanced",2019,"NM",2018,0,41,"group-time cell",2017,-2,,,"not estimable"
"seda","c_hispanic_white","r2","unweighted","unbalanced",2019,"NM",2018,0,41,"group-time cell",2018,-1,0,,"reference (base period)"
"seda","c_hispanic_white","r2","unweighted","unbalanced",2019,"NM",2018,0,41,"group-time cell",2019,0,,,"not estimable"
"seda","c_hispanic_white","r2","unweighted","unbalanced",2019,"NM",2018,0,41,"group-time cell",2022,3,,,"not estimable"
"seda","c_hispanic_white","r2","unweighted","unbalanced",2019,"NM",2018,0,41,"group-time cell",2023,4,,,"not estimable"
"seda","c_hispanic_white","r2","unweighted","unbalanced",2019,"NM",2018,0,41,"group-time cell",2024,5,,,"not estimable"
"seda","c_hispanic_white","r2","unweighted","unbalanced",2019,"NM",2018,0,41,"group-time cell",2025,6,,,"not estimable"
"hs","b_black_white","primary","unweighted","unbalanced",2017,"SD",2016,1,1,"cohort post-reform average (did aggte, group)",,,0.019778329625079,0.0168005801807932,"ok"
"hs","b_black_white","primary","unweighted","unbalanced",2017,"SD",2016,1,1,"group-time cell",2010,-7,-0.0409395688880594,0.0353433255392491,"ok"
"hs","b_black_white","primary","unweighted","unbalanced",2017,"SD",2016,1,1,"group-time cell",2011,-6,-0.45666141429832,0.0420800158245976,"ok"
"hs","b_black_white","primary","unweighted","unbalanced",2017,"SD",2016,1,1,"group-time cell",2012,-5,-0.226374300161984,0.0433709834477987,"ok"
"hs","b_black_white","primary","unweighted","unbalanced",2017,"SD",2016,1,1,"group-time cell",2013,-4,-0.192474026810989,0.0394306389750534,"ok"
"hs","b_black_white","primary","unweighted","unbalanced",2017,"SD",2016,1,1,"group-time cell",2014,-3,,,"not estimable"
"hs","b_black_white","primary","unweighted","unbalanced",2017,"SD",2016,1,1,"group-time cell",2015,-2,0.0543528362628198,0.0185667582814494,"ok"
"hs","b_black_white","primary","unweighted","unbalanced",2017,"SD",2016,1,1,"group-time cell",2016,-1,0,,"reference (base period)"
"hs","b_black_white","primary","unweighted","unbalanced",2017,"SD",2016,1,1,"group-time cell",2017,0,-0.11530793604742,0.0306569428788412,"ok"
"hs","b_black_white","primary","unweighted","unbalanced",2017,"SD",2016,1,1,"group-time cell",2018,1,0.126033403392024,0.0210260496318574,"ok"
"hs","b_black_white","primary","unweighted","unbalanced",2017,"SD",2016,1,1,"group-time cell",2019,2,-0.100346279198811,0.017209957792362,"ok"
"hs","b_black_white","primary","unweighted","unbalanced",2017,"SD",2016,1,1,"group-time cell",2021,4,,,"not estimable"
"hs","b_black_white","primary","unweighted","unbalanced",2017,"SD",2016,1,1,"group-time cell",2022,5,-0.0348290997343358,0.0269839084367605,"ok"
"hs","b_black_white","primary","unweighted","unbalanced",2017,"SD",2016,1,1,"group-time cell",2023,6,0.143106796826389,0.02951873582025,"ok"
"hs","b_black_white","primary","unweighted","unbalanced",2017,"SD",2016,1,1,"group-time cell",2024,7,-0.0282189114099125,0.0598783099807151,"ok"
"hs","b_black_white","primary","unweighted","unbalanced",2017,"SD",2016,1,1,"group-time cell",2025,8,0.148010333547619,0.0552259940800551,"ok"
"hs","b_black_white","primary","unweighted","unbalanced",2019,"NM",2018,0,9,"cohort post-reform average (did aggte, group)",,,,,"no estimable cell (no treated unit at the base period)"
"hs","b_black_white","primary","unweighted","unbalanced",2019,"NM",2018,0,9,"group-time cell",2010,-9,,,"not estimable"
"hs","b_black_white","primary","unweighted","unbalanced",2019,"NM",2018,0,9,"group-time cell",2011,-8,,,"not estimable"
"hs","b_black_white","primary","unweighted","unbalanced",2019,"NM",2018,0,9,"group-time cell",2012,-7,,,"not estimable"
"hs","b_black_white","primary","unweighted","unbalanced",2019,"NM",2018,0,9,"group-time cell",2013,-6,,,"not estimable"
"hs","b_black_white","primary","unweighted","unbalanced",2019,"NM",2018,0,9,"group-time cell",2014,-5,,,"not estimable"
"hs","b_black_white","primary","unweighted","unbalanced",2019,"NM",2018,0,9,"group-time cell",2015,-4,,,"not estimable"
"hs","b_black_white","primary","unweighted","unbalanced",2019,"NM",2018,0,9,"group-time cell",2016,-3,,,"not estimable"
"hs","b_black_white","primary","unweighted","unbalanced",2019,"NM",2018,0,9,"group-time cell",2017,-2,,,"not estimable"
"hs","b_black_white","primary","unweighted","unbalanced",2019,"NM",2018,0,9,"group-time cell",2018,-1,0,,"reference (base period)"
"hs","b_black_white","primary","unweighted","unbalanced",2019,"NM",2018,0,9,"group-time cell",2019,0,,,"not estimable"
"hs","b_black_white","primary","unweighted","unbalanced",2019,"NM",2018,0,9,"group-time cell",2021,2,,,"not estimable"
"hs","b_black_white","primary","unweighted","unbalanced",2019,"NM",2018,0,9,"group-time cell",2022,3,,,"not estimable"
"hs","b_black_white","primary","unweighted","unbalanced",2019,"NM",2018,0,9,"group-time cell",2023,4,,,"not estimable"
"hs","b_black_white","primary","unweighted","unbalanced",2019,"NM",2018,0,9,"group-time cell",2024,5,,,"not estimable"
"hs","b_black_white","primary","unweighted","unbalanced",2019,"NM",2018,0,9,"group-time cell",2025,6,,,"not estimable"
"hs","b_black_white","primary","unweighted","unbalanced",2020,"NV",2019,2,3,"cohort post-reform average (did aggte, group)",,,-0.0277433106600379,0.0355794625986249,"ok"
"hs","b_black_white","primary","unweighted","unbalanced",2020,"NV",2019,2,3,"group-time cell",2010,-10,0.200925389417565,0.0359693440636064,"ok"
"hs","b_black_white","primary","unweighted","unbalanced",2020,"NV",2019,2,3,"group-time cell",2011,-9,0.206148964403206,0.0409253418728283,"ok"
"hs","b_black_white","primary","unweighted","unbalanced",2020,"NV",2019,2,3,"group-time cell",2012,-8,0.0794932880903702,0.0375559122772579,"ok"
"hs","b_black_white","primary","unweighted","unbalanced",2020,"NV",2019,2,3,"group-time cell",2013,-7,0.124474539921917,0.0371640074250304,"ok"
"hs","b_black_white","primary","unweighted","unbalanced",2020,"NV",2019,2,3,"group-time cell",2014,-6,0.317453088449931,0.0378488020215149,"ok"
"hs","b_black_white","primary","unweighted","unbalanced",2020,"NV",2019,2,3,"group-time cell",2015,-5,,,"not estimable"
"hs","b_black_white","primary","unweighted","unbalanced",2020,"NV",2019,2,3,"group-time cell",2016,-4,0.340055652211292,0.0169428656620012,"ok"
"hs","b_black_white","primary","unweighted","unbalanced",2020,"NV",2019,2,3,"group-time cell",2017,-3,0.297636281820964,0.0160954369830307,"ok"
"hs","b_black_white","primary","unweighted","unbalanced",2020,"NV",2019,2,3,"group-time cell",2018,-2,-0.0313699365364972,0.0204625778284266,"ok"
"hs","b_black_white","primary","unweighted","unbalanced",2020,"NV",2019,2,3,"group-time cell",2019,-1,0,,"reference (base period)"
"hs","b_black_white","primary","unweighted","unbalanced",2020,"NV",2019,2,3,"group-time cell",2021,1,0.0121717895263512,0.0550160009851935,"ok"
"hs","b_black_white","primary","unweighted","unbalanced",2020,"NV",2019,2,3,"group-time cell",2022,2,-0.0676584108464269,0.0298211298557664,"ok"
"hs","b_black_white","primary","unweighted","unbalanced",2020,"NV",2019,2,3,"group-time cell",2023,3,,,"not estimable"
"hs","b_black_white","primary","unweighted","unbalanced",2020,"NV",2019,2,3,"group-time cell",2024,4,,,"not estimable"
"hs","b_black_white","primary","unweighted","unbalanced",2020,"NV",2019,2,3,"group-time cell",2025,5,,,"not estimable"
"hs","b_black_white","primary","unweighted","unbalanced",2025,"CO MS",2024,1,101,"cohort post-reform average (did aggte, group)",,,0.0156891501703217,0.010479671282801,"ok"
"hs","b_black_white","primary","unweighted","unbalanced",2025,"CO MS",2024,1,101,"group-time cell",2010,-15,-0.192089793588279,0.0600544076163471,"ok"
"hs","b_black_white","primary","unweighted","unbalanced",2025,"CO MS",2024,1,101,"group-time cell",2011,-14,-0.214198948520974,0.0678500941592487,"ok"
"hs","b_black_white","primary","unweighted","unbalanced",2025,"CO MS",2024,1,101,"group-time cell",2012,-13,-0.293574244670272,0.068808610090808,"ok"
"hs","b_black_white","primary","unweighted","unbalanced",2025,"CO MS",2024,1,101,"group-time cell",2013,-12,-0.316869390665641,0.0737338667062732,"ok"
"hs","b_black_white","primary","unweighted","unbalanced",2025,"CO MS",2024,1,101,"group-time cell",2014,-11,-0.301258179692662,0.0631065711677888,"ok"
"hs","b_black_white","primary","unweighted","unbalanced",2025,"CO MS",2024,1,101,"group-time cell",2015,-10,-0.256326667973753,0.0610821348757012,"ok"
"hs","b_black_white","primary","unweighted","unbalanced",2025,"CO MS",2024,1,101,"group-time cell",2016,-9,-0.516485610114418,0.0577576381969542,"ok"
"hs","b_black_white","primary","unweighted","unbalanced",2025,"CO MS",2024,1,101,"group-time cell",2017,-8,-0.44240073088234,0.0744637016198754,"ok"
"hs","b_black_white","primary","unweighted","unbalanced",2025,"CO MS",2024,1,101,"group-time cell",2018,-7,-0.430421916388995,0.0832712374993448,"ok"
"hs","b_black_white","primary","unweighted","unbalanced",2025,"CO MS",2024,1,101,"group-time cell",2019,-6,-0.41875959904284,0.0693398599074182,"ok"
"hs","b_black_white","primary","unweighted","unbalanced",2025,"CO MS",2024,1,101,"group-time cell",2021,-4,-0.312315348022325,0.0477570341552953,"ok"
"hs","b_black_white","primary","unweighted","unbalanced",2025,"CO MS",2024,1,101,"group-time cell",2022,-3,,,"not estimable"
"hs","b_black_white","primary","unweighted","unbalanced",2025,"CO MS",2024,1,101,"group-time cell",2023,-2,,,"not estimable"
"hs","b_black_white","primary","unweighted","unbalanced",2025,"CO MS",2024,1,101,"group-time cell",2024,-1,0,,"reference (base period)"
"hs","b_black_white","primary","unweighted","unbalanced",2025,"CO MS",2024,1,101,"group-time cell",2025,0,0.0156891501703217,0.0099762974462031,"ok"
"hs","c_hispanic_white","primary","unweighted","unbalanced",2017,"SD",2016,2,3,"cohort post-reform average (did aggte, group)",,,-0.231467398200377,0.0144617487981062,"ok"
"hs","c_hispanic_white","primary","unweighted","unbalanced",2017,"SD",2016,2,3,"group-time cell",2010,-7,-0.38994958283454,0.0292850453161133,"ok"
"hs","c_hispanic_white","primary","unweighted","unbalanced",2017,"SD",2016,2,3,"group-time cell",2011,-6,-0.481190943574941,0.0262063550652533,"ok"
"hs","c_hispanic_white","primary","unweighted","unbalanced",2017,"SD",2016,2,3,"group-time cell",2012,-5,-0.538991822397428,0.0318311920308553,"ok"
"hs","c_hispanic_white","primary","unweighted","unbalanced",2017,"SD",2016,2,3,"group-time cell",2013,-4,-0.455498006055757,0.0302949311243716,"ok"
"hs","c_hispanic_white","primary","unweighted","unbalanced",2017,"SD",2016,2,3,"group-time cell",2014,-3,,,"not estimable"
"hs","c_hispanic_white","primary","unweighted","unbalanced",2017,"SD",2016,2,3,"group-time cell",2015,-2,-0.320522050630229,0.0157441503357777,"ok"
"hs","c_hispanic_white","primary","unweighted","unbalanced",2017,"SD",2016,2,3,"group-time cell",2016,-1,0,,"reference (base period)"
"hs","c_hispanic_white","primary","unweighted","unbalanced",2017,"SD",2016,2,3,"group-time cell",2017,0,-0.207943593662446,0.039819085479886,"ok"
"hs","c_hispanic_white","primary","unweighted","unbalanced",2017,"SD",2016,2,3,"group-time cell",2018,1,0.000178350333999017,0.0201232825668508,"ok"
"hs","c_hispanic_white","primary","unweighted","unbalanced",2017,"SD",2016,2,3,"group-time cell",2019,2,-0.420155948964639,0.0135596134454148,"ok"
"hs","c_hispanic_white","primary","unweighted","unbalanced",2017,"SD",2016,2,3,"group-time cell",2021,4,-0.212380282371747,0.0357284271580045,"ok"
"hs","c_hispanic_white","primary","unweighted","unbalanced",2017,"SD",2016,2,3,"group-time cell",2022,5,-0.330026816623479,0.0193984764527665,"ok"
"hs","c_hispanic_white","primary","unweighted","unbalanced",2017,"SD",2016,2,3,"group-time cell",2023,6,-0.222388722799367,0.0199169448366958,"ok"
"hs","c_hispanic_white","primary","unweighted","unbalanced",2017,"SD",2016,2,3,"group-time cell",2024,7,-0.325415097945053,0.0311464643712832,"ok"
"hs","c_hispanic_white","primary","unweighted","unbalanced",2017,"SD",2016,2,3,"group-time cell",2025,8,-0.133607073570285,0.0299655265901923,"ok"
"hs","c_hispanic_white","primary","unweighted","unbalanced",2019,"NM",2018,0,51,"cohort post-reform average (did aggte, group)",,,,,"no estimable cell (no treated unit at the base period)"
"hs","c_hispanic_white","primary","unweighted","unbalanced",2019,"NM",2018,0,51,"group-time cell",2010,-9,,,"not estimable"
"hs","c_hispanic_white","primary","unweighted","unbalanced",2019,"NM",2018,0,51,"group-time cell",2011,-8,,,"not estimable"
"hs","c_hispanic_white","primary","unweighted","unbalanced",2019,"NM",2018,0,51,"group-time cell",2012,-7,,,"not estimable"
"hs","c_hispanic_white","primary","unweighted","unbalanced",2019,"NM",2018,0,51,"group-time cell",2013,-6,,,"not estimable"
"hs","c_hispanic_white","primary","unweighted","unbalanced",2019,"NM",2018,0,51,"group-time cell",2014,-5,,,"not estimable"
"hs","c_hispanic_white","primary","unweighted","unbalanced",2019,"NM",2018,0,51,"group-time cell",2015,-4,,,"not estimable"
"hs","c_hispanic_white","primary","unweighted","unbalanced",2019,"NM",2018,0,51,"group-time cell",2016,-3,,,"not estimable"
"hs","c_hispanic_white","primary","unweighted","unbalanced",2019,"NM",2018,0,51,"group-time cell",2017,-2,,,"not estimable"
"hs","c_hispanic_white","primary","unweighted","unbalanced",2019,"NM",2018,0,51,"group-time cell",2018,-1,0,,"reference (base period)"
"hs","c_hispanic_white","primary","unweighted","unbalanced",2019,"NM",2018,0,51,"group-time cell",2019,0,,,"not estimable"
"hs","c_hispanic_white","primary","unweighted","unbalanced",2019,"NM",2018,0,51,"group-time cell",2021,2,,,"not estimable"
"hs","c_hispanic_white","primary","unweighted","unbalanced",2019,"NM",2018,0,51,"group-time cell",2022,3,,,"not estimable"
"hs","c_hispanic_white","primary","unweighted","unbalanced",2019,"NM",2018,0,51,"group-time cell",2023,4,,,"not estimable"
"hs","c_hispanic_white","primary","unweighted","unbalanced",2019,"NM",2018,0,51,"group-time cell",2024,5,,,"not estimable"
"hs","c_hispanic_white","primary","unweighted","unbalanced",2019,"NM",2018,0,51,"group-time cell",2025,6,,,"not estimable"
"hs","c_hispanic_white","primary","unweighted","unbalanced",2020,"NV",2019,9,10,"cohort post-reform average (did aggte, group)",,,-0.0490377603457479,0.0217110472647087,"ok"
"hs","c_hispanic_white","primary","unweighted","unbalanced",2020,"NV",2019,9,10,"group-time cell",2010,-10,0.0808705005450759,0.0199690522352034,"ok"
"hs","c_hispanic_white","primary","unweighted","unbalanced",2020,"NV",2019,9,10,"group-time cell",2011,-9,-0.098301714152832,0.0203351388242741,"ok"
"hs","c_hispanic_white","primary","unweighted","unbalanced",2020,"NV",2019,9,10,"group-time cell",2012,-8,0.0109358770720242,0.0206801593881991,"ok"
"hs","c_hispanic_white","primary","unweighted","unbalanced",2020,"NV",2019,9,10,"group-time cell",2013,-7,-0.0204921921721715,0.0237364586126615,"ok"
"hs","c_hispanic_white","primary","unweighted","unbalanced",2020,"NV",2019,9,10,"group-time cell",2014,-6,0.168011041327593,0.0265346372117458,"ok"
"hs","c_hispanic_white","primary","unweighted","unbalanced",2020,"NV",2019,9,10,"group-time cell",2015,-5,,,"not estimable"
"hs","c_hispanic_white","primary","unweighted","unbalanced",2020,"NV",2019,9,10,"group-time cell",2016,-4,0.240346735947382,0.0129024988485157,"ok"
"hs","c_hispanic_white","primary","unweighted","unbalanced",2020,"NV",2019,9,10,"group-time cell",2017,-3,0.202556554382452,0.0191306773363143,"ok"
"hs","c_hispanic_white","primary","unweighted","unbalanced",2020,"NV",2019,9,10,"group-time cell",2018,-2,-0.152198802372129,0.0107382026810058,"ok"
"hs","c_hispanic_white","primary","unweighted","unbalanced",2020,"NV",2019,9,10,"group-time cell",2019,-1,0,,"reference (base period)"
"hs","c_hispanic_white","primary","unweighted","unbalanced",2020,"NV",2019,9,10,"group-time cell",2021,1,-0.0354142535893005,0.0348321078456775,"ok"
"hs","c_hispanic_white","primary","unweighted","unbalanced",2020,"NV",2019,9,10,"group-time cell",2022,2,-0.133987468370649,0.0166043658990111,"ok"
"hs","c_hispanic_white","primary","unweighted","unbalanced",2020,"NV",2019,9,10,"group-time cell",2023,3,-0.0629553131574742,0.022556121421091,"ok"
"hs","c_hispanic_white","primary","unweighted","unbalanced",2020,"NV",2019,9,10,"group-time cell",2024,4,0.0362059937344317,0.0357345671800493,"ok"
"hs","c_hispanic_white","primary","unweighted","unbalanced",2020,"NV",2019,9,10,"group-time cell",2025,5,,,"not estimable"
"hs","c_hispanic_white","primary","unweighted","unbalanced",2022,"MD OH",2021,19,198,"cohort post-reform average (did aggte, group)",,,0.0795917610853784,0.0358965156845067,"ok"
"hs","c_hispanic_white","primary","unweighted","unbalanced",2022,"MD OH",2021,19,198,"group-time cell",2010,-12,0.0191035783062405,0.0461129041047672,"ok"
"hs","c_hispanic_white","primary","unweighted","unbalanced",2022,"MD OH",2021,19,198,"group-time cell",2011,-11,0.06089987882305,0.0458990226169517,"ok"
"hs","c_hispanic_white","primary","unweighted","unbalanced",2022,"MD OH",2021,19,198,"group-time cell",2012,-10,0.0394142347089923,0.0912034677835762,"ok"
"hs","c_hispanic_white","primary","unweighted","unbalanced",2022,"MD OH",2021,19,198,"group-time cell",2013,-9,0.0371468262281143,0.0387532850500486,"ok"
"hs","c_hispanic_white","primary","unweighted","unbalanced",2022,"MD OH",2021,19,198,"group-time cell",2014,-8,0.0411100200813326,0.0367249312006686,"ok"
"hs","c_hispanic_white","primary","unweighted","unbalanced",2022,"MD OH",2021,19,198,"group-time cell",2015,-7,-0.0676295007349704,0.0401815997940007,"ok"
"hs","c_hispanic_white","primary","unweighted","unbalanced",2022,"MD OH",2021,19,198,"group-time cell",2016,-6,-0.145794761376261,0.0447926835913022,"ok"
"hs","c_hispanic_white","primary","unweighted","unbalanced",2022,"MD OH",2021,19,198,"group-time cell",2017,-5,-0.146715364159377,0.0493489454852493,"ok"
"hs","c_hispanic_white","primary","unweighted","unbalanced",2022,"MD OH",2021,19,198,"group-time cell",2018,-4,-0.106344291540516,0.038864123957877,"ok"
"hs","c_hispanic_white","primary","unweighted","unbalanced",2022,"MD OH",2021,19,198,"group-time cell",2019,-3,-0.125161296585075,0.0702033567111008,"ok"
"hs","c_hispanic_white","primary","unweighted","unbalanced",2022,"MD OH",2021,19,198,"group-time cell",2021,-1,0,,"reference (base period)"
"hs","c_hispanic_white","primary","unweighted","unbalanced",2022,"MD OH",2021,19,198,"group-time cell",2022,0,0.0459723090768984,0.0408049880000887,"ok"
"hs","c_hispanic_white","primary","unweighted","unbalanced",2022,"MD OH",2021,19,198,"group-time cell",2023,1,0.151162318627731,0.0346599932888672,"ok"
"hs","c_hispanic_white","primary","unweighted","unbalanced",2022,"MD OH",2021,19,198,"group-time cell",2024,2,0.0420020323418734,0.0379791254473806,"ok"
"hs","c_hispanic_white","primary","unweighted","unbalanced",2022,"MD OH",2021,19,198,"group-time cell",2025,3,0.0792303842950105,0.0441179465075473,"ok"
"hs","c_hispanic_white","primary","unweighted","unbalanced",2025,"CO MS",2024,5,87,"cohort post-reform average (did aggte, group)",,,-0.176826590469649,0.0109189214691106,"ok"
"hs","c_hispanic_white","primary","unweighted","unbalanced",2025,"CO MS",2024,5,87,"group-time cell",2010,-15,0.055605840344594,0.0390558935552314,"ok"
"hs","c_hispanic_white","primary","unweighted","unbalanced",2025,"CO MS",2024,5,87,"group-time cell",2011,-14,-0.0178932169465939,0.0286421152496812,"ok"
"hs","c_hispanic_white","primary","unweighted","unbalanced",2025,"CO MS",2024,5,87,"group-time cell",2012,-13,-0.0849220498849815,0.0364686106227259,"ok"
"hs","c_hispanic_white","primary","unweighted","unbalanced",2025,"CO MS",2024,5,87,"group-time cell",2013,-12,-0.157248319672789,0.0324619417203553,"ok"
"hs","c_hispanic_white","primary","unweighted","unbalanced",2025,"CO MS",2024,5,87,"group-time cell",2014,-11,-0.127381990867846,0.0277938455232137,"ok"
"hs","c_hispanic_white","primary","unweighted","unbalanced",2025,"CO MS",2024,5,87,"group-time cell",2015,-10,-0.148146988985771,0.0317689769411639,"ok"
"hs","c_hispanic_white","primary","unweighted","unbalanced",2025,"CO MS",2024,5,87,"group-time cell",2016,-9,-0.059326112608323,0.0312033669508838,"ok"
"hs","c_hispanic_white","primary","unweighted","unbalanced",2025,"CO MS",2024,5,87,"group-time cell",2017,-8,-0.13278890303715,0.0879663649682279,"ok"
"hs","c_hispanic_white","primary","unweighted","unbalanced",2025,"CO MS",2024,5,87,"group-time cell",2018,-7,-0.0482640987512417,0.0449955874418852,"ok"
"hs","c_hispanic_white","primary","unweighted","unbalanced",2025,"CO MS",2024,5,87,"group-time cell",2019,-6,-0.0302087521147472,0.0453516965320666,"ok"
"hs","c_hispanic_white","primary","unweighted","unbalanced",2025,"CO MS",2024,5,87,"group-time cell",2021,-4,-0.0382143153848369,0.0544551468003137,"ok"
"hs","c_hispanic_white","primary","unweighted","unbalanced",2025,"CO MS",2024,5,87,"group-time cell",2022,-3,-0.0993125182658641,0.0362749530184812,"ok"
"hs","c_hispanic_white","primary","unweighted","unbalanced",2025,"CO MS",2024,5,87,"group-time cell",2023,-2,0.0608998299500882,0.0310918581647164,"ok"
"hs","c_hispanic_white","primary","unweighted","unbalanced",2025,"CO MS",2024,5,87,"group-time cell",2024,-1,0,,"reference (base period)"
"hs","c_hispanic_white","primary","unweighted","unbalanced",2025,"CO MS",2024,5,87,"group-time cell",2025,0,-0.176826590469649,0.0106288777041831,"ok"
"hs","b_black_white","r2","unweighted","unbalanced",2019,"NM",2018,0,9,"cohort post-reform average (did aggte, group)",,,,,"no estimable cell (no treated unit at the base period)"
"hs","b_black_white","r2","unweighted","unbalanced",2019,"NM",2018,0,9,"group-time cell",2010,-9,,,"not estimable"
"hs","b_black_white","r2","unweighted","unbalanced",2019,"NM",2018,0,9,"group-time cell",2011,-8,,,"not estimable"
"hs","b_black_white","r2","unweighted","unbalanced",2019,"NM",2018,0,9,"group-time cell",2012,-7,,,"not estimable"
"hs","b_black_white","r2","unweighted","unbalanced",2019,"NM",2018,0,9,"group-time cell",2013,-6,,,"not estimable"
"hs","b_black_white","r2","unweighted","unbalanced",2019,"NM",2018,0,9,"group-time cell",2014,-5,,,"not estimable"
"hs","b_black_white","r2","unweighted","unbalanced",2019,"NM",2018,0,9,"group-time cell",2015,-4,,,"not estimable"
"hs","b_black_white","r2","unweighted","unbalanced",2019,"NM",2018,0,9,"group-time cell",2016,-3,,,"not estimable"
"hs","b_black_white","r2","unweighted","unbalanced",2019,"NM",2018,0,9,"group-time cell",2017,-2,,,"not estimable"
"hs","b_black_white","r2","unweighted","unbalanced",2019,"NM",2018,0,9,"group-time cell",2018,-1,0,,"reference (base period)"
"hs","b_black_white","r2","unweighted","unbalanced",2019,"NM",2018,0,9,"group-time cell",2019,0,,,"not estimable"
"hs","b_black_white","r2","unweighted","unbalanced",2019,"NM",2018,0,9,"group-time cell",2021,2,,,"not estimable"
"hs","b_black_white","r2","unweighted","unbalanced",2019,"NM",2018,0,9,"group-time cell",2022,3,,,"not estimable"
"hs","b_black_white","r2","unweighted","unbalanced",2019,"NM",2018,0,9,"group-time cell",2023,4,,,"not estimable"
"hs","b_black_white","r2","unweighted","unbalanced",2019,"NM",2018,0,9,"group-time cell",2024,5,,,"not estimable"
"hs","b_black_white","r2","unweighted","unbalanced",2019,"NM",2018,0,9,"group-time cell",2025,6,,,"not estimable"
"hs","c_hispanic_white","r2","unweighted","unbalanced",2019,"NM",2018,0,51,"cohort post-reform average (did aggte, group)",,,,,"no estimable cell (no treated unit at the base period)"
"hs","c_hispanic_white","r2","unweighted","unbalanced",2019,"NM",2018,0,51,"group-time cell",2010,-9,,,"not estimable"
"hs","c_hispanic_white","r2","unweighted","unbalanced",2019,"NM",2018,0,51,"group-time cell",2011,-8,,,"not estimable"
"hs","c_hispanic_white","r2","unweighted","unbalanced",2019,"NM",2018,0,51,"group-time cell",2012,-7,,,"not estimable"
"hs","c_hispanic_white","r2","unweighted","unbalanced",2019,"NM",2018,0,51,"group-time cell",2013,-6,,,"not estimable"
"hs","c_hispanic_white","r2","unweighted","unbalanced",2019,"NM",2018,0,51,"group-time cell",2014,-5,,,"not estimable"
"hs","c_hispanic_white","r2","unweighted","unbalanced",2019,"NM",2018,0,51,"group-time cell",2015,-4,,,"not estimable"
"hs","c_hispanic_white","r2","unweighted","unbalanced",2019,"NM",2018,0,51,"group-time cell",2016,-3,,,"not estimable"
"hs","c_hispanic_white","r2","unweighted","unbalanced",2019,"NM",2018,0,51,"group-time cell",2017,-2,,,"not estimable"
"hs","c_hispanic_white","r2","unweighted","unbalanced",2019,"NM",2018,0,51,"group-time cell",2018,-1,0,,"reference (base period)"
"hs","c_hispanic_white","r2","unweighted","unbalanced",2019,"NM",2018,0,51,"group-time cell",2019,0,,,"not estimable"
"hs","c_hispanic_white","r2","unweighted","unbalanced",2019,"NM",2018,0,51,"group-time cell",2021,2,,,"not estimable"
"hs","c_hispanic_white","r2","unweighted","unbalanced",2019,"NM",2018,0,51,"group-time cell",2022,3,,,"not estimable"
"hs","c_hispanic_white","r2","unweighted","unbalanced",2019,"NM",2018,0,51,"group-time cell",2023,4,,,"not estimable"
"hs","c_hispanic_white","r2","unweighted","unbalanced",2019,"NM",2018,0,51,"group-time cell",2024,5,,,"not estimable"
"hs","c_hispanic_white","r2","unweighted","unbalanced",2019,"NM",2018,0,51,"group-time cell",2025,6,,,"not estimable"
